Features,Accuracy (%),Valid Data,Time (seconds)
"(4, 7, 10, 11, 42)",66.6183321921,198615,104.21895432472229
"(4, 7, 31, 42)",66.6035633249,198615,116.03610301017761
"(2, 7, 10, 31, 52)",66.6015493884,198615,107.2869930267334
"(4, 7, 11, 31, 52)",66.5988641398,198615,104.60498905181885
"(4, 7, 11, 31, 42)",66.5746969026,198615,105.03314447402954
"(4, 7, 10, 11, 31)",66.572011654,198615,102.47668933868408
"(4, 7, 11, 31)",66.5605993475,198615,111.79346227645874
"(1, 4, 7, 11, 31)",66.5458304803,198615,113.91426682472229
"(2, 4, 7, 11, 31)",66.544487856,198615,111.06470060348511
"(4, 7, 10, 31, 52)",66.5357607981,198615,105.33532929420471
"(2, 7, 10, 11, 31)",66.5156214337,198615,108.22157526016235
"(4, 7, 11, 31, 56)",66.5015238786,198615,104.18243789672852
"(2, 7, 10, 11, 42)",66.4968246935,198615,103.29291319847107
"(3, 7, 10, 31, 42)",66.476014017,198615,103.60276961326599
"(4, 7, 11, 42, 52)",66.4699722077,198615,107.52736926078796
"(2, 7, 10, 31)",66.4699722077,198615,108.21371412277222
"(4, 7, 11, 21, 42)",66.4632590862,198615,105.60657262802124
"(7, 10, 11, 42, 52)",66.4505041554,198615,95.72750878334045
"(3, 4, 7, 11, 31)",66.4478189068,198615,114.78665494918823
"(2, 4, 7, 10, 42)",66.443791034,198615,106.7525999546051
"(4, 7, 11, 42)",66.4162672359,198615,110.67665672302246
"(4, 7, 10, 42, 56)",66.4095541145,198615,106.66259336471558
"(4, 7, 31, 52)",66.4088828023,198615,117.54872035980225
"(4, 7, 10, 21, 42)",66.4082114902,198615,102.24844074249268
"(4, 7, 31, 42, 52)",66.407540178,198615,109.56247115135193
"(2, 4, 7, 11, 42)",66.4008270566,198615,114.7677710056305
"(4, 7, 10, 31, 56)",66.3907573744,198615,104.69693922996521
"(1, 4, 7, 31, 56)",66.3887434379,198615,119.7847101688385
"(2, 7, 11, 21, 42)",66.3860581893,198615,105.61315250396729
"(7, 11, 21, 31, 52)",66.3806876922,198615,103.47628545761108
"(4, 7, 10, 31)",66.3793450679,198615,108.7181785106659
"(7, 11, 31, 52)",66.3780024436,198615,103.9664421081543
"(7, 10, 11, 31, 42)",66.375317195,198615,100.91454219818115
"(3, 7, 10, 42, 52)",66.3739745707,198615,104.47806167602539
"(1, 4, 7, 31, 52)",66.3739745707,198615,115.36590552330017
"(1, 7, 10, 11, 42)",66.3712893221,198615,105.75723910331726
"(7, 11, 21, 42, 52)",66.3639048885,198615,97.71677541732788
"(1, 4, 7, 10, 42)",66.3612196399,198615,111.3035352230072
"(4, 7, 31, 52, 56)",66.3558491427,198615,109.30445647239685
"(3, 7, 11, 42, 56)",66.3551778306,198615,102.85733151435852
"(1, 4, 7, 42, 52)",66.3498073334,198615,120.43614435195923
"(4, 10, 11, 42, 56)",66.3430942119,198615,101.4954526424408
"(1, 4, 7, 21, 31)",66.3430942119,198615,111.31398797035217
"(4, 7, 11, 21, 31)",66.3410802755,198615,108.82411074638367
"(1, 7, 11, 42, 52)",66.3377237148,198615,105.29844212532043
"(1, 7, 10, 11, 31)",66.3377237148,198615,105.53361558914185
"(3, 7, 10, 11, 31)",66.334367154,198615,103.26729226112366
"(1, 4, 7, 42, 56)",66.334367154,198615,115.93914127349854
"(3, 7, 10, 31, 52)",66.3289966569,198615,104.51689553260803
"(7, 10, 21, 31)",66.3283253447,198615,104.18042421340942
"(2, 7, 11, 21, 31)",66.3269827204,198615,103.67133355140686
"(4, 7, 42, 52, 56)",66.3182556625,198615,109.37815809249878
"(2, 3, 7, 11, 31)",66.3135564775,198615,110.89374303817749
"(4, 7, 10, 31, 42)",66.3115425411,198615,100.58670568466187
"(1, 4, 7, 31, 42)",66.3108712289,198615,116.93590426445007
"(3, 7, 10, 11, 42)",66.3101999168,198615,100.73302125930786
"(2, 3, 7, 10, 31)",66.3088572925,198615,105.58810520172119
"(4, 7, 42, 52)",66.3061720439,198615,119.49122643470764
"(2, 4, 7, 42, 52)",66.3048294196,198615,119.32724380493164
"(1, 7, 10, 31, 52)",66.3001302346,198615,108.19157123565674
"(2, 7, 31, 42, 52)",66.297444986,198615,103.96999478340149
"(7, 10, 42, 52, 56)",66.2940884252,198615,98.35648226737976
"(2, 7, 10, 21, 42)",66.2900605524,198615,103.64791655540466
"(1, 7, 10, 21, 31)",66.2873753038,198615,103.26176619529724
"(3, 7, 11, 21, 31)",66.2867039916,198615,105.8803915977478
"(1, 4, 7, 11, 42)",66.2860326795,198615,112.82009315490723
"(3, 7, 10, 21, 31)",66.284018743,198615,102.95721435546875
"(1, 7, 21, 42, 52)",66.284018743,198615,106.09307050704956
"(7, 10, 42, 52)",66.284018743,198615,105.18698811531067
"(1, 3, 7, 11, 31)",66.2820048066,198615,110.52914071083069
"(2, 4, 7, 10, 31)",66.2806621823,198615,106.19147825241089
"(2, 7, 31, 56)",66.2806621823,198615,118.97305536270142
"(1, 7, 11, 21, 42)",66.2799908702,198615,106.22590255737305
"(4, 11, 31, 52)",66.279319558,198615,104.39236044883728
"(7, 10, 31, 52, 56)",66.2786482459,198615,98.18435621261597
"(4, 7, 21, 42, 56)",66.2786482459,198615,101.64615821838379
"(7, 11, 42, 52, 56)",66.2732777487,198615,103.03155565261841
"(2, 4, 7, 42, 56)",66.2665646272,198615,119.44950604438782
"(3, 7, 11, 31, 52)",66.2658933151,198615,103.10284376144409
"(7, 11, 21, 42, 56)",66.2652220029,198615,97.40042161941528
"(4, 7, 21, 31, 52)",66.2652220029,198615,104.58665537834167
"(3, 7, 10, 31, 56)",66.2618654422,198615,104.91610264778137
"(1, 7, 11, 21, 31)",66.26119413,198615,108.50887894630432
"(4, 7, 31, 42, 56)",66.2591801936,198615,109.75265502929688
"(2, 7, 10, 42, 52)",66.2591801936,198615,108.84076285362244
"(7, 10, 21, 42)",66.2591801936,198615,103.43514609336853
"(1, 7, 10, 42)",66.2558236329,198615,106.41010522842407
"(2, 7, 10, 31, 56)",66.2551523207,198615,103.85769176483154
"(3, 7, 10, 31)",66.2538096964,198615,103.22480392456055
"(3, 4, 7, 11, 42)",66.25179576,198615,111.76637411117554
"(3, 7, 10, 42, 56)",66.2511244478,198615,104.34875226020813
"(1, 2, 7, 10, 42)",66.2511244478,198615,117.14466905593872
"(7, 10, 11, 21, 42)",66.2491105114,198615,105.20158648490906
"(7, 10, 11, 42)",66.2484391993,198615,105.14759659767151
"(1, 7, 10, 31, 56)",66.2477678871,198615,107.52420091629028
"(3, 7, 21, 31, 56)",66.2444113264,198615,103.3843765258789
"(7, 10, 21, 31, 42)",66.2417260778,198615,103.89763855934143
"(4, 7, 10, 21, 31)",66.2417260778,198615,102.68741083145142
"(1, 3, 7, 10, 31)",66.2397121414,198615,105.3789873123169
"(4, 7, 11, 42, 56)",66.2383695171,198615,103.7911467552185
"(7, 21, 31, 52, 56)",66.2350129563,198615,99.96065258979797
"(7, 21, 31, 42)",66.233670332,198615,105.67208504676819
"(4, 7, 21, 31, 42)",66.2262858984,198615,106.11363673210144
"(7, 21, 42, 52, 56)",66.2256145863,198615,98.38783264160156
"(4, 7, 10, 42)",66.2236006498,198615,104.31269907951355
"(7, 11, 21, 31, 56)",66.2215867134,198615,100.39843702316284
"(1, 7, 10, 42, 52)",66.2209154012,198615,108.72658324241638
"(7, 10, 11, 31, 52)",66.2182301527,198615,102.67791271209717
"(1, 4, 7, 10, 31)",66.2155449041,198615,107.10668516159058
"(1, 7, 11, 31, 52)",66.2142022798,198615,106.05545258522034
"(7, 10, 42, 56)",66.2142022798,198615,107.47947192192078
"(1, 7, 42, 52, 56)",66.2115170312,198615,111.7995138168335
"(1, 7, 31, 42, 52)",66.2115170312,198615,106.74559164047241
"(7, 10, 31, 52)",66.2088317826,198615,106.17165660858154
"(2, 7, 11, 31, 42)",66.206146534,198615,105.53774118423462
"(3, 7, 11, 31, 56)",66.1980907883,198615,104.635733127594
"(7, 10, 21, 42, 52)",66.1980907883,198615,103.22921442985535
"(4, 7, 21, 31)",66.1974194761,198615,113.04816555976868
"(2, 4, 7, 31, 42)",66.1947342275,198615,109.01131534576416
"(4, 7, 42, 56)",66.1927202911,198615,118.9977867603302
"(7, 10, 31, 42)",66.1920489789,198615,107.17925691604614
"(3, 7, 11, 42, 52)",66.1853358575,198615,102.31121349334717
"(4, 7, 10, 42, 52)",66.1819792967,198615,105.38871240615845
"(2, 7, 11, 42, 56)",66.1799653603,198615,101.30281257629395
"(3, 7, 31, 42, 56)",66.1779514239,198615,105.05531573295593
"(7, 10, 31, 42, 56)",66.1772801117,198615,99.73779296875
"(1, 7, 11, 31)",66.1745948631,198615,114.13680791854858
"(1, 7, 10, 42, 56)",66.1685530538,198615,106.88524270057678
"(7, 10, 31)",66.1678817417,198615,108.50298738479614
"(2, 7, 21, 42, 52)",66.1672104295,198615,103.89905905723572
"(2, 7, 11, 42)",66.1658678052,198615,112.61672973632812
"(1, 2, 7, 42, 56)",66.1625112445,198615,126.77501130104065
"(7, 31, 56)",66.1618399323,198615,121.96615099906921
"(1, 2, 7, 10, 31)",66.1598259959,198615,112.78175950050354
"(7, 11, 31, 56)",66.155798123,198615,102.12904644012451
"(1, 7, 42, 52)",66.155798123,198615,121.97936797142029
"(7, 42, 56)",66.1544554987,198615,121.48700785636902
"(2, 7, 10, 21, 31)",66.1517702501,198615,102.79261016845703
"(2, 4, 7, 31, 56)",66.1517702501,198615,115.84055638313293
"(3, 7, 42, 52, 56)",66.1477423773,198615,100.1498908996582
"(1, 2, 7, 31, 56)",66.1443858165,198615,127.99220085144043
"(7, 11, 42, 52)",66.1417005679,198615,102.09581017494202
"(2, 7, 11, 31, 52)",66.1363300708,198615,105.244464635849
"(7, 11, 31, 42, 52)",66.13297351,198615,100.21898221969604
"(1, 2, 7, 42, 52)",66.1296169493,198615,128.29417848587036
"(3, 7, 31, 42, 52)",66.1289456371,198615,108.18590092658997
"(2, 7, 10, 42, 56)",66.1289456371,198615,105.61618566513062
"(7, 21, 31, 52)",66.1262603886,198615,109.76872205734253
"(7, 11, 31, 42)",66.1262603886,198615,104.29172706604004
"(7, 10, 42)",66.1262603886,198615,111.3073399066925
"(1, 7, 10, 31)",66.1249177643,198615,108.832834482193
"(7, 21, 42, 56)",66.12357514,198615,103.42933678627014
"(7, 10, 31, 42, 52)",66.12357514,198615,99.99105787277222
"(1, 7, 11, 31, 56)",66.1229038278,198615,103.42366003990173
"(3, 4, 7, 10, 42)",66.1175333306,198615,111.4127688407898
"(7, 10, 11, 31)",66.1175333306,198615,105.86387228965759
"(3, 7, 21, 31, 42)",66.1141767699,198615,102.40211033821106
"(3, 7, 11, 31)",66.1141767699,198615,112.35923790931702
"(7, 10, 11, 31, 56)",66.1135054578,198615,99.56310391426086
"(4, 11, 21, 31, 56)",66.1121628335,198615,102.99944686889648
"(1, 7, 31, 52, 56)",66.1081349606,198615,109.52439093589783
"(1, 7, 10, 31, 42)",66.1074636484,198615,104.30689835548401
"(2, 4, 7, 21, 31)",66.1067923363,198615,108.66926145553589
"(4, 7, 21, 42, 52)",66.1041070877,198615,98.84417223930359
"(1, 7, 21, 42, 56)",66.1020931513,198615,104.00090885162354
"(1, 2, 7, 31, 42)",66.1014218391,198615,113.30902552604675
"(3, 7, 11, 21, 42)",66.0973939662,198615,104.75436401367188
"(4, 10, 11, 31, 56)",66.0933660934,198615,103.11927318572998
"(7, 10, 11, 21, 31)",66.0926947812,198615,106.8224401473999
"(7, 10, 31, 56)",66.0913521569,198615,105.74916505813599
"(3, 7, 11, 31, 42)",66.0913521569,198615,103.28721165657043
"(2, 7, 31, 42)",66.0900095326,198615,116.9270167350769
"(3, 7, 21, 42, 56)",66.0886669083,198615,103.69833445549011
"(2, 7, 21, 31, 56)",66.0886669083,198615,104.63267040252686
"(1, 2, 7, 11, 31)",66.087324284,198615,118.02804493904114
"(1, 7, 21, 31, 52)",66.0859816598,198615,109.4625825881958
"(1, 2, 7, 31, 52)",66.0846390355,198615,119.69579792022705
"(7, 10, 21, 42, 56)",66.0792685383,198615,103.46480989456177
"(7, 11, 21, 42)",66.077925914,198615,110.4167799949646
"(4, 11, 31, 42)",66.077925914,198615,104.73965692520142
"(7, 11, 42)",66.0765832897,198615,113.8436131477356
"(2, 3, 7, 31, 56)",66.0759119776,198615,117.09994435310364
"(1, 7, 42, 56)",66.0752406654,198615,119.86940503120422
"(1, 7, 11, 31, 42)",66.0718841047,198615,106.58804368972778
"(2, 7, 11, 42, 52)",66.0698701682,198615,106.1528251171112
"(7, 11, 42, 56)",66.0698701682,198615,103.97992491722107
"(4, 7, 31, 56)",66.0671849196,198615,118.3886022567749
"(3, 7, 21, 42, 52)",66.0658422954,198615,103.94022154808044
"(2, 3, 7, 10, 42)",66.0651709832,198615,110.35477375984192
"(7, 10, 21, 31, 52)",66.0638283589,198615,103.89650297164917
"(2, 7, 10, 42)",66.0631570468,198615,109.32470965385437
"(7, 11, 21, 31)",66.0564439253,198615,109.60163927078247
"(1, 7, 11, 42)",66.0557726131,198615,116.16466069221497
"(4, 7, 21, 42)",66.0530873646,198615,108.42746329307556
"(7, 11, 31, 52, 56)",66.050402116,198615,101.48312759399414
"(2, 7, 42, 56)",66.0463742431,198615,123.2193489074707
"(7, 10, 11, 42, 56)",66.0457029309,198615,97.00766086578369
"(7, 11, 21, 31, 42)",66.0443603067,198615,101.39984631538391
"(2, 7, 21, 31, 42)",66.0436889945,198615,104.08517789840698
"(7, 31, 42, 56)",66.0403324338,198615,105.55168843269348
"(2, 3, 7, 11, 42)",66.0376471852,198615,115.04871582984924
"(2, 7, 21, 42)",66.036975873,198615,111.07722759246826
"(3, 4, 7, 31, 56)",66.0342906245,198615,113.01812028884888
"(1, 7, 21, 31, 56)",66.0342906245,198615,103.99875974655151
"(4, 21, 31, 42)",66.0302627516,198615,104.41884064674377
"(1, 3, 7, 31, 56)",66.0295914394,198615,118.70800495147705
"(1, 4, 11, 31, 52)",66.0289201273,198615,108.42982292175293
"(1, 7, 31, 42, 56)",66.0269061908,198615,103.40059566497803
"(7, 31, 52, 56)",66.0269061908,198615,109.87829661369324
"(7, 21, 31, 42, 52)",66.0235496301,198615,99.64731907844543
"(1, 3, 7, 10, 42)",66.022878318,198615,109.45783162117004
"(3, 7, 10, 42)",66.0208643815,198615,107.49179458618164
"(2, 7, 42, 52, 56)",66.0188504451,198615,110.90968084335327
"(2, 7, 21, 31, 52)",66.0161651965,198615,104.7272276878357
"(2, 7, 10, 31, 42)",66.0161651965,198615,106.79439616203308
"(7, 10, 21, 31, 56)",66.0154938843,198615,103.86891984939575
"(2, 4, 7, 31, 52)",66.0148225722,198615,115.98215699195862
"(4, 11, 31, 56)",66.0148225722,198615,102.24601006507874
"(3, 7, 42, 56)",66.0054242021,198615,114.1416187286377
"(7, 21, 42, 52)",66.00475289,198615,107.99354577064514
"(2, 7, 11, 31, 56)",66.0040815779,198615,104.4366238117218
"(1, 4, 7, 21, 42)",66.0027389536,198615,109.51032853126526
"(7, 21, 31, 42, 56)",66.0020676414,198615,98.44770979881287
"(7, 31, 42)",66.0007250171,198615,116.43625044822693
"(2, 4, 7, 21, 42)",65.9993823928,198615,109.13093376159668
"(2, 7, 21, 42, 56)",65.9987110807,198615,105.98598551750183
"(1, 7, 31, 56)",65.9946832078,198615,115.2582495212555
"(4, 21, 31, 42, 52)",65.9926692714,198615,104.90615105628967
"(3, 7, 10, 21, 42)",65.9899840228,198615,101.75961351394653
"(1, 3, 7, 11, 42)",65.9899840228,198615,113.1327211856842
"(2, 4, 11, 42, 52)",65.9879700863,198615,102.14335203170776
"(10, 11, 31, 56)",65.9879700863,198615,101.46805477142334
"(4, 11, 21, 31, 42)",65.9872987742,198615,106.03675413131714
"(3, 7, 31, 52, 56)",65.9872987742,198615,106.08703088760376
"(1, 2, 7, 11, 42)",65.9846135256,198615,112.84180879592896
"(11, 42, 52)",65.9839422135,198615,107.03672170639038
"(1, 7, 21, 31)",65.9839422135,198615,110.51434183120728
"(1, 7, 11, 42, 56)",65.9799143406,198615,102.0735867023468
"(7, 31, 52)",65.9792430284,198615,119.46863007545471
"(3, 7, 21, 31, 52)",65.9785717163,198615,101.3574857711792
"(7, 42, 52)",65.9785717163,198615,123.91818261146545
"(1, 10, 11, 31, 52)",65.9732012191,198615,102.48199248313904
"(7, 31, 42, 52)",65.9705159705,198615,107.97990083694458
"(7, 21, 31, 56)",65.9705159705,198615,104.41106700897217
"(7, 42, 52, 56)",65.9698446584,198615,107.40779829025269
"(7, 11, 31)",65.9671594098,198615,114.30644726753235
"(1, 11, 31, 42, 52)",65.9658167855,198615,101.21328020095825
"(1, 7, 31, 52)",65.9658167855,198615,117.36986017227173
"(4, 31, 52, 56)",65.963802849,198615,105.76679420471191
"(4, 11, 42, 52)",65.9631315369,198615,102.52559018135071
"(2, 4, 11, 31, 52)",65.9611176005,198615,105.59594941139221
"(4, 11, 21, 31, 52)",65.949705294,198615,104.00536060333252
"(2, 7, 31, 42, 56)",65.949705294,198615,107.10519337654114
"(31, 52, 56)",65.9463487332,198615,102.45743179321289
"(4, 11, 31, 42, 52)",65.9456774211,198615,98.73888421058655
"(2, 7, 31, 52)",65.9450061089,198615,121.13535332679749
"(3, 7, 31, 56)",65.9443347968,198615,119.74606561660767
"(2, 10, 11, 42, 56)",65.9429921725,198615,100.30160760879517
"(1, 4, 11, 42, 52)",65.9429921725,198615,105.25472402572632
"(3, 4, 7, 31, 52)",65.9396356118,198615,118.24653005599976
"(1, 4, 10, 31, 52)",65.9389642996,198615,101.93937253952026
"(1, 11, 31, 56)",65.9382929875,198615,104.05439257621765
"(2, 7, 31, 52, 56)",65.9329224903,198615,110.26092767715454
"(4, 11, 42, 56)",65.9322511782,198615,104.93063640594482
"(4, 7, 21, 31, 56)",65.931579866,198615,100.63617491722107
"(1, 4, 11, 31, 42)",65.9309085539,198615,102.62823748588562
"(2, 4, 10, 21, 42)",65.9302372417,198615,103.64744567871094
"(4, 11, 21, 42, 52)",65.926880681,198615,102.74777483940125
"(11, 21, 31, 52, 56)",65.9248667445,198615,93.32940983772278
"(7, 11, 31, 42, 56)",65.9228528081,198615,100.43151593208313
"(2, 4, 11, 21, 31)",65.9228528081,198615,105.70688247680664
"(4, 11, 21, 31)",65.9215101838,198615,104.64217710494995
"(4, 11, 21, 42, 56)",65.9168109988,198615,103.21520924568176
"(2, 7, 11, 31)",65.9100978773,198615,110.57881450653076
"(1, 7, 10, 21, 42)",65.908755253,198615,102.56395673751831
"(7, 21, 42)",65.9080839409,198615,114.8400490283966
"(4, 11, 31, 42, 56)",65.9080839409,198615,102.55805134773254
"(1, 7, 21, 42)",65.9074126287,198615,112.01251411437988
"(4, 21, 42, 52)",65.9067413166,198615,105.83534860610962
"(1, 4, 10, 11, 31)",65.9060700044,198615,114.60447454452515
"(2, 3, 7, 42, 56)",65.9013708194,198615,122.39323258399963
"(3, 4, 7, 10, 31)",65.8986855708,198615,105.78913259506226
"(7, 21, 31)",65.8986855708,198615,112.37954044342041
"(1, 7, 21, 31, 42)",65.8960003222,198615,103.93790745735168
"(1, 7, 31, 42)",65.8852593279,198615,115.24914479255676
"(10, 11, 42, 52)",65.8839167036,198615,104.06834268569946
"(4, 10, 11, 31)",65.8839167036,198615,117.03265190124512
"(2, 4, 10, 31, 56)",65.8805601429,198615,103.57766008377075
"(1, 3, 11, 31, 42)",65.8805601429,198615,99.4306333065033
"(4, 10, 11, 31, 42)",65.8785462064,198615,103.42171597480774
"(1, 4, 11, 31, 56)",65.8711617728,198615,107.20959186553955
"(4, 21, 42, 52, 56)",65.8698191485,198615,101.9989025592804
"(4, 10, 31, 52, 56)",65.8684765242,198615,102.35027956962585
"(4, 11, 31, 52, 56)",65.863106027,198615,102.19787883758545
"(4, 10, 11, 21, 42)",65.8617634027,198615,107.89128351211548
"(2, 4, 11, 31, 42)",65.8577355299,198615,106.931396484375
"(4, 10, 31, 42, 52)",65.853707657,198615,101.13719010353088
"(2, 4, 11, 31, 56)",65.853707657,198615,103.34483528137207
"(4, 10, 11, 42)",65.853707657,198615,119.3934760093689
"(10, 11, 31, 42, 52)",65.8530363448,198615,100.08855032920837
"(4, 11, 21, 42)",65.8510224084,198615,104.82701516151428
"(3, 10, 21, 42, 56)",65.8496797841,198615,100.73372888565063
"(1, 4, 11, 21, 42)",65.8496797841,198615,105.19650340080261
"(2, 10, 11, 42, 52)",65.849008472,198615,101.33389282226562
"(4, 10, 21, 31)",65.8483371598,198615,109.89077401161194
"(10, 11, 31, 52, 56)",65.8469945355,198615,100.46481132507324
"(4, 10, 31, 42, 56)",65.8456519112,198615,100.54167127609253
"(1, 4, 10, 31, 56)",65.8456519112,198615,101.93158292770386
"(11, 31, 42, 56)",65.8409527262,198615,101.75386190414429
"(1, 4, 10, 31, 42)",65.8396101019,198615,102.936110496521
"(4, 10, 21, 31, 52)",65.8389387898,198615,104.11928248405457
"(4, 10, 21, 31, 42)",65.8362535412,198615,100.46843576431274
"(2, 4, 10, 42, 52)",65.8328969804,198615,102.31368041038513
"(3, 7, 11, 42)",65.8328969804,198615,112.18740344047546
"(3, 10, 11, 31, 42)",65.830883044,198615,101.27576637268066
"(4, 10, 11, 31, 52)",65.830883044,198615,106.27474355697632
"(4, 10, 31, 56)",65.8295404197,198615,103.11392712593079
"(1, 11, 42, 52)",65.8288691076,198615,103.88757872581482
"(11, 31, 42)",65.8268551711,198615,103.76037335395813
"(3, 4, 7, 42, 56)",65.826183859,198615,118.93543720245361
"(11, 21, 31, 56)",65.826183859,198615,104.56853604316711
"(4, 10, 21, 42, 52)",65.8221559861,198615,105.57580304145813
"(11, 21, 31, 42, 56)",65.8208133618,198615,96.43016338348389
"(1, 10, 11, 42, 52)",65.8161141768,198615,106.25926446914673
"(10, 11, 31, 52)",65.8154428646,198615,105.0081090927124
"(2, 11, 31, 52)",65.8141002403,198615,104.96313810348511
"(1, 11, 31, 52, 56)",65.8134289282,198615,101.05898785591125
"(2, 7, 42, 52)",65.8134289282,198615,119.98262596130371
"(4, 10, 11, 42, 52)",65.8114149917,198615,101.99323678016663
"(1, 2, 7, 21, 31)",65.8114149917,198615,115.87197732925415
"(1, 21, 31, 42)",65.8073871189,198615,102.27319169044495
"(4, 10, 21, 31, 56)",65.8060444946,198615,104.05476307868958
"(4, 10, 11, 21, 31)",65.8060444946,198615,110.3216986656189
"(4, 10, 42, 52, 56)",65.8047018703,198615,102.13100242614746
"(1, 11, 42, 56)",65.8040305581,198615,105.37266707420349
"(10, 11, 31, 42, 56)",65.8026879338,198615,98.08154487609863
"(1, 4, 11, 42, 56)",65.8000026852,198615,104.25061988830566
"(2, 10, 42, 56)",65.798660061,198615,106.64063668251038
"(3, 11, 31, 52)",65.7939608759,198615,102.51788902282715
"(11, 21, 31, 42, 52)",65.7919469395,198615,101.71829557418823
"(11, 21, 42, 52)",65.7906043152,198615,106.69892859458923
"(10, 42, 52)",65.789933003,198615,105.1111171245575
"(4, 10, 31, 52)",65.7859051302,198615,102.11776065826416
"(7, 31, 42, 52, 56)",65.785233818,198615,100.08393001556396
"(1, 4, 10, 11, 42)",65.7845625059,198615,108.85716319084167
"(1, 4, 21, 31, 42)",65.7845625059,198615,102.53973865509033
"(1, 2, 11, 31, 42)",65.7838911937,198615,102.7814552783966
"(3, 10, 11, 42)",65.7832198816,198615,114.6041522026062
"(10, 11, 21, 31, 42)",65.7818772573,198615,100.06809496879578
"(10, 11, 42, 56)",65.7818772573,198615,104.57863211631775
"(3, 4, 11, 31, 52)",65.7751641358,198615,104.59945702552795
"(3, 4, 11, 31, 42)",65.7751641358,198615,104.52973961830139
"(1, 10, 11, 31, 56)",65.7751641358,198615,105.15385508537292
"(1, 4, 11, 21, 31)",65.7751641358,198615,105.37321376800537
"(4, 10, 21, 42)",65.7744928237,198615,103.60035061836243
"(1, 4, 42, 52, 56)",65.7724788872,198615,104.72393369674683
"(1, 11, 42, 52, 56)",65.7697936386,198615,101.37232947349548
"(1, 10, 31, 42, 56)",65.7697936386,198615,104.46416354179382
"(3, 4, 11, 42, 56)",65.7684510144,198615,103.97662305831909
"(4, 11, 42, 52, 56)",65.7657657658,198615,102.37762713432312
"(2, 11, 42, 52)",65.7644231415,198615,103.09749341011047
"(1, 11, 21, 42, 52)",65.7637518293,198615,106.18321943283081
"(2, 4, 10, 11, 42)",65.7637518293,198615,113.27883887290955
"(3, 10, 11, 42, 52)",65.7603952686,198615,98.60664057731628
"(2, 4, 10, 31, 42)",65.7597239564,198615,105.94923162460327
"(1, 2, 10, 11, 31)",65.7583813322,198615,122.0872712135315
"(2, 4, 10, 31, 52)",65.75771002,198615,103.64370584487915
"(1, 2, 11, 42, 52)",65.75771002,198615,107.19471907615662
"(3, 10, 11, 42, 56)",65.7570387079,198615,100.81991195678711
"(1, 4, 21, 31, 52)",65.7563673957,198615,106.29801273345947
"(11, 31, 42, 52)",65.7563673957,198615,102.49365234375
"(4, 31, 42, 52, 56)",65.7556960836,198615,107.19250059127808
"(10, 21, 31, 52)",65.7516682107,198615,103.93683862686157
"(4, 10, 21, 42, 56)",65.7516682107,198615,102.76724934577942
"(1, 3, 7, 42, 56)",65.7516682107,198615,116.5159204006195
"(3, 10, 21, 31, 52)",65.74831165,198615,101.50052309036255
"(3, 10, 21, 31, 42)",65.7476403378,198615,102.61982774734497
"(4, 21, 42, 56)",65.7449550892,198615,102.09744691848755
"(1, 2, 11, 21, 42)",65.7442837771,198615,105.78733849525452
"(3, 11, 21, 42, 52)",65.7436124649,198615,100.26653838157654
"(2, 3, 7, 42, 52)",65.7436124649,198615,117.95860600471497
"(1, 3, 10, 31, 52)",65.7415985285,198615,102.51735591888428
"(1, 10, 21, 31, 56)",65.739584592,198615,103.21108984947205
"(3, 7, 21, 31)",65.7382419678,198615,109.1454176902771
"(1, 11, 21, 31, 56)",65.7375706556,198615,109.092520236969
"(1, 10, 42, 52, 56)",65.7375706556,198615,103.6471631526947
"(3, 10, 11, 31, 52)",65.7362280313,198615,100.6113030910492
"(2, 11, 31, 42, 56)",65.7355567192,198615,103.27221512794495
"(3, 11, 31, 42, 52)",65.734885407,198615,100.71961665153503
"(3, 4, 11, 31, 56)",65.7342140949,198615,99.19660806655884
"(2, 4, 10, 42, 56)",65.7342140949,198615,100.59899854660034
"(3, 10, 21, 31, 56)",65.7322001584,198615,102.69240140914917
"(1, 4, 31, 52, 56)",65.7322001584,198615,101.3852686882019
"(1, 2, 7, 21, 42)",65.7315288463,198615,115.1087121963501
"(2, 10, 11, 31, 52)",65.7308575341,198615,101.875967502594
"(1, 4, 21, 42, 52)",65.730186222,198615,104.24361729621887
"(1, 10, 31, 52)",65.730186222,198615,104.5147225856781
"(2, 3, 10, 11, 42)",65.7288435977,198615,111.75636005401611
"(2, 11, 21, 42, 52)",65.7275009734,198615,102.86022448539734
"(1, 10, 11, 31)",65.7268296613,198615,117.64909648895264
"(1, 11, 21, 42, 56)",65.7241444127,198615,104.53064465522766
"(1, 11, 31, 42)",65.7241444127,198615,106.43387079238892
"(3, 11, 21, 31, 56)",65.7241444127,198615,107.4157350063324
"(10, 11, 42)",65.7228017884,198615,117.24197721481323
"(1, 10, 11, 42, 56)",65.7221304762,198615,103.03275871276855
"(3, 10, 11, 31)",65.7207878519,198615,113.47601866722107
"(2, 4, 31, 56)",65.7201165398,198615,102.51082563400269
"(1, 3, 7, 21, 31)",65.7201165398,198615,110.29383516311646
"(3, 4, 10, 31, 52)",65.7194452276,198615,100.70378160476685
"(1, 3, 10, 42, 56)",65.7194452276,198615,104.18838739395142
"(1, 11, 31, 52)",65.7154173548,198615,103.44790840148926
"(10, 11, 42, 52, 56)",65.7127321062,198615,100.27031230926514
"(2, 10, 31, 52, 56)",65.7127321062,198615,105.35247421264648
"(2, 4, 31, 42, 56)",65.7100468576,198615,102.82764410972595
"(1, 4, 10, 21, 31)",65.7093755454,198615,109.60899543762207
"(2, 4, 11, 42, 56)",65.7080329211,198615,104.35759282112122
"(3, 10, 21, 42)",65.7080329211,198615,106.32773542404175
"(1, 4, 10, 42, 52)",65.7060189847,198615,104.44908785820007
"(2, 7, 21, 31)",65.7053476726,198615,113.22937297821045
"(4, 42, 52, 56)",65.7046763604,198615,105.45138597488403
"(2, 4, 42, 52, 56)",65.7019911118,198615,101.09498023986816
"(2, 4, 11, 21, 42)",65.7013197997,198615,106.47431063652039
"(1, 31, 52, 56)",65.7013197997,198615,105.2959451675415
"(3, 4, 7, 31, 42)",65.7006484875,198615,114.00421595573425
"(2, 10, 11, 31)",65.7006484875,198615,117.86403369903564
"(1, 4, 31, 42, 56)",65.6972919268,198615,101.5303704738617
"(3, 4, 10, 11, 31)",65.6966206147,198615,111.5762197971344
"(10, 21, 31, 52, 56)",65.6952779904,198615,102.44589233398438
"(1, 4, 21, 42, 56)",65.6952779904,198615,104.4465081691742
"(2, 4, 21, 42, 52)",65.6946066782,198615,104.13087177276611
"(10, 11, 21, 42, 56)",65.6939353661,198615,100.13245868682861
"(3, 11, 42, 56)",65.6932640539,198615,102.74863123893738
"(1, 3, 11, 31, 56)",65.6925927418,198615,102.49128031730652
"(10, 31, 52, 56)",65.6912501175,198615,100.46764659881592
"(2, 3, 11, 31, 52)",65.6912501175,198615,100.15493607521057
"(2, 10, 21, 31, 42)",65.689236181,198615,99.4645471572876
"(3, 11, 31, 52, 56)",65.6885648689,198615,102.25096487998962
"(2, 11, 31, 52, 56)",65.6885648689,198615,104.10924243927002
"(2, 10, 21, 31, 56)",65.6858796203,198615,102.71934986114502
"(2, 10, 11, 21, 42)",65.6852083082,198615,108.90192770957947
"(2, 11, 42, 56)",65.6852083082,198615,104.84581565856934
"(1, 3, 11, 42, 56)",65.6838656839,198615,101.06500482559204
"(2, 31, 52, 56)",65.6838656839,198615,104.22317600250244
"(1, 31, 42, 52, 56)",65.6831943717,198615,108.00194692611694
"(1, 4, 10, 21, 42)",65.6818517474,198615,106.62408089637756
"(11, 31, 52)",65.6818517474,198615,104.65668630599976
"(2, 10, 11, 31, 56)",65.6811804353,198615,103.89155554771423
"(3, 10, 31, 52)",65.6791664988,198615,105.55923318862915
"(3, 4, 7, 42, 52)",65.6784951867,198615,118.13598346710205
"(1, 3, 11, 42, 52)",65.6784951867,198615,102.94541144371033
"(2, 4, 11, 31)",65.6778238745,198615,106.39060068130493
"(2, 4, 31, 52, 56)",65.6771525624,198615,103.37515354156494
"(2, 3, 10, 11, 31)",65.6764812503,198615,117.38482999801636
"(2, 4, 21, 31, 52)",65.6737960017,198615,101.6921911239624
"(2, 4, 10, 11, 31)",65.6737960017,198615,116.5283522605896
"(10, 42, 52, 56)",65.6731246895,198615,102.68146800994873
"(3, 11, 31, 56)",65.6731246895,198615,101.91626524925232
"(10, 11, 21, 31, 56)",65.6704394409,198615,99.37834906578064
"(1, 11, 21, 31, 42)",65.6690968166,198615,101.81445693969727
"(1, 3, 11, 31, 52)",65.6690968166,198615,102.5402512550354
"(10, 11, 31, 42)",65.6690968166,198615,104.02789688110352
"(2, 4, 10, 21, 31)",65.6677541923,198615,109.37233352661133
"(3, 10, 42, 52, 56)",65.6657402559,198615,102.10124254226685
"(3, 11, 31, 42, 56)",65.6650689438,198615,101.44870448112488
"(2, 11, 42, 52, 56)",65.6643976316,198615,106.04695916175842
"(2, 10, 31, 52)",65.6637263195,198615,103.38793659210205
"(1, 3, 11, 21, 31)",65.6630550073,198615,101.76440644264221
"(10, 42, 56)",65.6630550073,198615,108.06626272201538
"(2, 10, 11, 31, 42)",65.6623836952,198615,102.74686241149902
"(10, 21, 42)",65.6623836952,198615,106.0681836605072
"(11, 21, 42, 56)",65.661712383,198615,107.50392746925354
"(4, 21, 31, 56)",65.6610410709,198615,105.04248356819153
"(2, 10, 21, 31, 52)",65.6596984466,198615,104.91046953201294
"(10, 21, 42, 56)",65.6583558223,198615,105.73203825950623
"(2, 4, 21, 42, 56)",65.657013198,198615,104.02359557151794
"(2, 11, 31, 42, 52)",65.6563418859,198615,100.93827533721924
"(1, 10, 11, 31, 42)",65.6563418859,198615,101.86676955223083
"(2, 3, 11, 42, 52)",65.6556705737,198615,97.701406955719
"(1, 10, 11, 21, 31)",65.6556705737,198615,108.52310705184937
"(3, 10, 11, 21, 42)",65.6549992616,198615,106.2715892791748
"(1, 2, 31, 52, 56)",65.6549992616,198615,103.94744825363159
"(2, 11, 21, 31, 52)",65.652314013,198615,103.94246077537537
"(3, 4, 10, 11, 42)",65.6516427008,198615,112.8275830745697
"(2, 4, 10, 31)",65.6503000765,198615,123.85345673561096
"(10, 31, 42, 56)",65.6489574522,198615,101.76967477798462
"(10, 11, 31)",65.6489574522,198615,118.1723895072937
"(4, 21, 31, 42, 56)",65.6482861401,198615,105.66652631759644
"(4, 10, 42, 56)",65.6482861401,198615,100.7576014995575
"(1, 4, 10, 31)",65.6469435158,198615,118.93584084510803
"(1, 3, 10, 21, 31)",65.6456008915,198615,103.95377731323242
"(21, 42, 52)",65.6442582672,198615,105.01858115196228
"(2, 10, 11, 21, 31)",65.6429156429,198615,110.73549675941467
"(2, 10, 21, 42, 52)",65.6422443308,198615,102.09775257110596
"(2, 4, 21, 31, 42)",65.6422443308,198615,104.07850432395935
"(3, 4, 11, 21, 42)",65.6415730186,198615,106.27752232551575
"(31, 42, 52, 56)",65.6402303943,198615,119.22758507728577
"(21, 31, 52, 56)",65.6402303943,198615,104.22579050064087
"(4, 10, 42, 52)",65.6382164579,198615,103.33716416358948
"(4, 10, 31, 42)",65.6382164579,198615,105.18628311157227
"(4, 31, 42, 56)",65.6368738336,198615,104.48192358016968
"(1, 3, 7, 31, 42)",65.6355312093,198615,116.2251329421997
"(2, 11, 31, 42)",65.6355312093,198615,104.13915061950684
"(10, 31, 52)",65.6355312093,198615,101.67550492286682
"(2, 11, 21, 42)",65.6355312093,198615,105.58518671989441
"(1, 4, 10, 42, 56)",65.6348598972,198615,104.3133852481842
"(2, 4, 21, 31, 56)",65.634188585,198615,103.97769141197205
"(4, 21, 31, 52)",65.6335172729,198615,102.91837668418884
"(1, 11, 21, 42)",65.6328459607,198615,102.77749609947205
"(10, 11, 21, 31, 52)",65.6321746486,198615,98.36342525482178
"(11, 42, 52, 56)",65.6301607121,198615,102.13415813446045
"(1, 10, 42, 56)",65.6294894,198615,102.79821872711182
"(2, 21, 31, 42, 56)",65.6288180878,198615,103.807865858078
"(10, 31, 56)",65.6281467757,198615,106.17628645896912
"(1, 2, 10, 31)",65.6261328392,198615,121.68729281425476
"(2, 31, 42, 56)",65.6254615271,198615,104.3105628490448
"(3, 10, 42, 56)",65.6207623421,198615,103.39594578742981
"(11, 21, 31, 42)",65.6200910299,198615,105.97962260246277
"(11, 42, 56)",65.6200910299,198615,105.02287173271179
"(11, 31, 56)",65.6200910299,198615,104.81567287445068
"(10, 21, 42, 52, 56)",65.6200910299,198615,100.549560546875
"(1, 3, 7, 42, 52)",65.6187484056,198615,121.48320078849792
"(2, 10, 21, 42)",65.6180770935,198615,108.19096446037292
"(3, 11, 21, 42, 56)",65.616063157,198615,103.69904446601868
"(1, 10, 11, 21, 42)",65.6140492206,198615,109.55521821975708
"(1, 3, 11, 21, 42)",65.6140492206,198615,102.83757543563843
"(21, 31, 52)",65.6127065963,198615,103.22460222244263
"(10, 31, 42, 52, 56)",65.6120352842,198615,98.78488421440125
"(1, 4, 11, 31)",65.6120352842,198615,105.14630913734436
"(2, 11, 21, 42, 56)",65.611363972,198615,104.38135743141174
"(2, 3, 10, 21, 31)",65.6106926599,198615,106.89403367042542
"(1, 21, 31, 52)",65.6100213477,198615,105.5022566318512
"(2, 10, 42, 52)",65.6073360991,198615,103.35351943969727
"(1, 2, 11, 42, 56)",65.6053221627,198615,106.30056738853455
"(3, 11, 21, 31, 42)",65.6046508506,198615,102.53668141365051
"(2, 10, 21, 42, 56)",65.6046508506,198615,106.1183602809906
"(10, 21, 42, 52)",65.6039795384,198615,102.24175548553467
"(3, 11, 42, 52)",65.6033082263,198615,101.50848984718323
"(1, 10, 21, 31)",65.6012942898,198615,104.33185362815857
"(3, 11, 42, 52, 56)",65.6006229777,198615,103.2617712020874
"(3, 10, 11, 31, 56)",65.6006229777,198615,101.62575888633728
"(1, 2, 10, 21, 42)",65.6006229777,198615,106.12027096748352
"(11, 21, 42, 52, 56)",65.5992803534,198615,89.55802798271179
"(1, 2, 11, 31, 52)",65.5992803534,198615,104.5862684249878
"(2, 3, 11, 31, 42)",65.5979377291,198615,101.80836510658264
"(2, 21, 31, 42, 52)",65.5965951048,198615,105.60382294654846
"(2, 3, 11, 31, 56)",65.5965951048,198615,100.17738366127014
"(1, 10, 21, 31, 52)",65.5959237926,198615,102.67539072036743
"(1, 2, 21, 31, 52)",65.5959237926,198615,103.52193427085876
"(3, 4, 11, 42, 52)",65.5945811684,198615,105.09865069389343
"(4, 31, 56)",65.5939098562,198615,104.07857346534729
"(4, 10, 42)",65.5878680469,198615,123.41074180603027
"(1, 11, 31, 42, 56)",65.5865254226,198615,103.50295948982239
"(3, 21, 42, 52, 56)",65.5845114862,198615,102.37057709693909
"(1, 11, 21, 31, 52)",65.5845114862,198615,104.97891521453857
"(3, 21, 31, 56)",65.583840174,198615,100.85319805145264
"(21, 31, 42)",65.583840174,198615,102.59975171089172
"(2, 3, 10, 42, 56)",65.5811549254,198615,103.31363487243652
"(1, 10, 21, 42)",65.5804836133,198615,109.60836935043335
"(1, 4, 42, 56)",65.5804836133,198615,104.00293350219727
"(2, 3, 7, 31, 52)",65.5798123011,198615,115.87607884407043
"(3, 7, 21, 42)",65.579140989,198615,107.46334385871887
"(1, 2, 10, 42, 56)",65.5777983647,198615,104.20791387557983
"(3, 10, 11, 21, 31)",65.5771270525,198615,105.38196635246277
"(42, 52, 56)",65.5757844282,198615,104.08842635154724
"(1, 21, 31, 42, 56)",65.574441804,198615,102.4780638217926
"(1, 2, 10, 31, 56)",65.5737704918,198615,103.15862727165222
"(3, 4, 7, 21, 31)",65.5724278675,198615,109.81234288215637
"(2, 21, 31, 56)",65.5717565554,198615,104.90883421897888
"(3, 10, 31, 42, 52)",65.5697426189,198615,101.31826543807983
"(10, 21, 31, 42, 56)",65.5690713068,198615,99.91916012763977
"(10, 11, 21, 42, 52)",65.5683999946,198615,101.12953114509583
"(11, 31, 52, 56)",65.5683999946,198615,102.51923561096191
"(10, 21, 31)",65.5683999946,198615,104.26750254631042
"(11, 21, 31, 52)",65.5677286825,198615,103.19862580299377
"(1, 3, 7, 21, 42)",65.5670573703,198615,106.44699621200562
"(2, 42, 52, 56)",65.565714746,198615,108.1953592300415
"(1, 3, 10, 31, 56)",65.5650434339,198615,103.53596115112305
"(2, 11, 21, 31, 42)",65.5643721217,198615,104.05167818069458
"(1, 10, 21, 42, 52)",65.5616868732,198615,104.37990093231201
"(11, 31, 42, 52, 56)",65.5603442489,198615,88.37952208518982
"(10, 31, 42, 52)",65.5603442489,198615,103.62596321105957
"(3, 7, 31, 52)",65.5590016246,198615,118.24272656440735
"(10, 11, 21, 42)",65.5583303124,198615,108.51712083816528
"(3, 10, 21, 42, 52)",65.5489319424,198615,101.80455207824707
"(3, 10, 31, 42, 56)",65.5469180059,198615,102.7538435459137
"(10, 21, 31, 42)",65.5462466938,198615,104.0650372505188
"(1, 4, 21, 31, 56)",65.5449040695,198615,103.53021144866943
"(2, 3, 11, 42, 56)",65.5442327573,198615,104.52766752243042
"(2, 10, 21, 31)",65.5442327573,198615,108.87075281143188
"(3, 10, 31, 42)",65.5435614452,198615,104.6591727733612
"(1, 2, 11, 21, 31)",65.5402048845,198615,108.42959403991699
"(10, 21, 31, 56)",65.5402048845,198615,103.0348789691925
"(3, 4, 10, 31, 56)",65.5388622602,198615,103.73013734817505
"(3, 4, 7, 21, 42)",65.5368483237,198615,108.82929587364197
"(2, 31, 42, 52, 56)",65.5361770116,198615,106.17843174934387
"(1, 2, 42, 56)",65.5361770116,198615,110.97616648674011
"(3, 10, 21, 31)",65.5355056994,198615,106.82499051094055
"(10, 11, 21, 31)",65.5348343873,198615,109.13613104820251
"(1, 3, 10, 21, 42)",65.5341630751,198615,106.46210289001465
"(2, 3, 10, 31, 52)",65.5321491387,198615,100.99667429924011
"(1, 2, 21, 42, 56)",65.5314778266,198615,102.01480627059937
"(3, 11, 21, 42)",65.5314778266,198615,103.80964493751526
"(2, 21, 31, 42)",65.5314778266,198615,106.29668307304382
"(2, 3, 7, 31, 42)",65.528792578,198615,112.78935766220093
"(3, 7, 42, 52)",65.5274499537,198615,118.25014114379883
"(3, 4, 10, 21, 42)",65.5267786415,198615,103.13303780555725
"(2, 4, 42, 56)",65.5267786415,198615,101.7959098815918
"(10, 42)",65.5267786415,198615,123.34691905975342
"(3, 11, 21, 31, 52)",65.5254360172,198615,103.07526111602783
"(4, 21, 31, 52, 56)",65.5234220808,198615,104.06390523910522
"(2, 3, 10, 21, 42)",65.5207368322,198615,103.85174083709717
"(2, 21, 42, 52)",65.5200655201,198615,105.39296865463257
"(2, 3, 7, 21, 42)",65.5180515836,198615,107.32353186607361
"(11, 21, 31)",65.5160376472,198615,104.55681586265564
"(3, 4, 10, 42, 52)",65.5146950229,198615,102.4126307964325
"(2, 11, 21, 31, 56)",65.5120097743,198615,105.16777634620667
"(3, 10, 31, 52, 56)",65.5113384622,198615,101.96077394485474
"(1, 3, 21, 42, 56)",65.5113384622,198615,105.12597799301147
"(31, 56)",65.5093245257,198615,103.93678426742554
"(1, 21, 31, 42, 52)",65.5086532136,198615,106.35978841781616
"(1, 42, 56)",65.5046253407,198615,108.16434621810913
"(21, 31, 42, 56)",65.5039540285,198615,106.73979091644287
"(11, 21, 42)",65.5026114043,198615,103.49511861801147
"(3, 4, 31, 42, 56)",65.4979122192,198615,103.50887084007263
"(1, 3, 10, 11, 42)",65.4972409071,198615,111.29136753082275
"(2, 42, 56)",65.4958982828,198615,104.98161911964417
"(1, 42, 52, 56)",65.4952269706,198615,108.46180605888367
"(3, 10, 31, 56)",65.4945556585,198615,100.98642015457153
"(1, 2, 10, 31, 52)",65.492541722,198615,102.1620934009552
"(1, 4, 31, 56)",65.4911990978,198615,104.07251524925232
"(1, 2, 21, 42, 52)",65.4905277856,198615,100.65483570098877
"(1, 21, 42, 52)",65.4905277856,198615,108.30051517486572
"(2, 3, 10, 31, 42)",65.4898564735,198615,103.66403865814209
"(2, 10, 31, 56)",65.487842537,198615,106.47464966773987
"(4, 31, 42, 52)",65.4864999127,198615,101.98896956443787
"(3, 11, 31, 42)",65.4864999127,198615,103.54165768623352
"(1, 2, 10, 42)",65.4851572884,198615,119.83110570907593
"(3, 10, 42, 52)",65.4844859763,198615,104.32788443565369
"(2, 10, 11, 42)",65.483143352,198615,115.77439546585083
"(1, 2, 10, 21, 31)",65.483143352,198615,106.46294784545898
"(1, 2, 4, 10, 42)",65.4811294156,198615,127.75291109085083
"(2, 3, 21, 31, 42)",65.4804581034,198615,101.94600009918213
"(1, 10, 31, 42, 52)",65.478444167,198615,102.31357955932617
"(2, 10, 31, 42)",65.4771015427,198615,102.68264651298523
"(3, 4, 21, 31, 56)",65.4771015427,198615,104.3319878578186
"(1, 10, 21, 42, 56)",65.4744162941,198615,103.84551882743835
"(2, 3, 7, 21, 31)",65.4737449819,198615,109.56643342971802
"(1, 3, 7, 31, 52)",65.4724023576,198615,116.08608865737915
"(1, 2, 31, 42, 56)",65.4717310455,198615,106.41821265220642
"(2, 3, 10, 31, 56)",65.4690457969,198615,103.09508752822876
"(1, 3, 10, 42, 52)",65.4670318605,198615,104.71159267425537
"(10, 21, 31, 42, 52)",65.4663605483,198615,101.74955224990845
"(3, 4, 10, 31, 42)",65.465017924,198615,100.76843547821045
"(2, 21, 31, 52)",65.4636752997,198615,103.59775042533875
"(1, 2, 11, 31, 56)",65.4623326754,198615,103.07738947868347
"(21, 31, 42, 52, 56)",65.4616613633,198615,50.588200092315674
"(1, 2, 4, 42, 56)",65.460318739,198615,105.45690536499023
"(1, 21, 42, 56)",65.460318739,198615,106.14765501022339
"(1, 2, 4, 11, 31)",65.4596474269,198615,106.00740957260132
"(2, 10, 31, 42, 52)",65.455619554,198615,102.96102571487427
"(21, 42, 52, 56)",65.4489064325,198615,104.29710412025452
"(1, 2, 10, 11, 42)",65.4468924961,198615,119.39641261100769
"(1, 3, 21, 31, 56)",65.4455498718,198615,104.21191906929016
"(2, 21, 42, 52, 56)",65.4428646232,198615,104.55545735359192
"(21, 31, 42, 52)",65.4428646232,198615,103.27691435813904
"(21, 42, 56)",65.4388367503,198615,107.08530044555664
"(1, 21, 31, 52, 56)",65.4381654382,198615,106.45952272415161
"(21, 31, 56)",65.4361515017,198615,104.32231736183167
"(3, 21, 31, 42, 52)",65.4354801896,198615,102.21944212913513
"(1, 3, 21, 31, 42)",65.4341375653,198615,102.932133436203
"(3, 7, 31, 42)",65.4334662531,198615,110.66499042510986
"(2, 3, 21, 31, 56)",65.4314523167,198615,101.21071529388428
"(1, 2, 10, 42, 52)",65.4294383803,198615,104.05763745307922
"(1, 10, 21, 31, 42)",65.428095756,198615,104.1957676410675
"(1, 2, 21, 31, 56)",65.4240678831,198615,104.23625826835632
"(3, 4, 10, 21, 31)",65.4233965709,198615,102.9273533821106
"(3, 21, 31, 42, 56)",65.4213826345,198615,102.86482572555542
"(1, 10, 31, 52, 56)",65.4207113224,198615,105.62463116645813
"(1, 31, 42, 56)",65.4119842644,198615,103.93385791778564
"(4, 10, 31)",65.4113129523,198615,126.28321719169617
"(3, 11, 21, 31)",65.4092990159,198615,102.23058676719666
"(3, 21, 42, 56)",65.4059424551,198615,103.39225769042969
"(2, 4, 11, 42)",65.4039285187,198615,106.15942430496216
"(1, 2, 31, 56)",65.4032572065,198615,105.62939739227295
"(2, 3, 21, 42, 56)",65.4025858944,198615,104.35831451416016
"(1, 10, 11, 42)",65.4025858944,198615,113.99541544914246
"(4, 42, 56)",65.4025858944,198615,101.96131610870361
"(3, 4, 10, 42, 56)",65.4005719579,198615,99.31365442276001
"(1, 10, 31, 56)",65.3985580215,198615,102.23992848396301
"(2, 10, 31)",65.3985580215,198615,120.01932907104492
"(2, 21, 42, 56)",65.3985580215,198615,104.03933453559875
"(4, 11, 42)",65.3925162122,198615,107.41729378700256
"(1, 2, 21, 31, 42)",65.3911735879,198615,105.33193874359131
"(1, 21, 42, 52, 56)",65.3905022757,198615,105.05288982391357
"(2, 10, 31, 42, 56)",65.3884883393,198615,101.94500970840454
"(31, 42, 56)",65.3817752178,198615,103.43464183807373
"(2, 11, 42)",65.3797612814,198615,107.55952501296997
"(2, 4, 10, 42)",65.3764047207,198615,124.71074271202087
"(1, 3, 10, 11, 31)",65.3730481599,198615,114.0744640827179
"(10, 31)",65.3703629113,198615,123.1682288646698
"(2, 4, 31, 42, 52)",65.3670063506,198615,103.86736512184143
"(10, 31, 42)",65.3656637263,198615,102.2059633731842
"(1, 2, 4, 11, 42)",65.364321102,198615,107.09539294242859
"(2, 3, 10, 42, 52)",65.3562653563,198615,102.20610666275024
"(1, 2, 10, 31, 42)",65.3562653563,198615,104.32333707809448
"(1, 21, 31, 56)",65.3562653563,198615,107.2982029914856
"(1, 2, 4, 10, 31)",65.3555940441,198615,126.512042760849
"(2, 3, 11, 21, 31)",65.3542514198,198615,103.7721483707428
"(2, 10, 42, 52, 56)",65.3515661712,198615,101.52090740203857
"(4, 7, 10, 11, 52)",65.3475382984,198615,103.67318987846375
"(3, 4, 11, 21, 31)",65.3461956741,198615,104.83666491508484
"(3, 4, 21, 31, 42)",65.3421678012,198615,103.41119837760925
"(2, 11, 21, 31)",65.3401538647,198615,104.38920378684998
"(2, 11, 31, 56)",65.3381399283,198615,104.12416625022888
"(3, 31, 42, 52, 56)",65.3354546797,198615,103.02211809158325
"(4, 11, 31)",65.3334407433,198615,106.15549540519714
"(3, 31, 42, 56)",65.3247136854,198615,106.38064622879028
"(3, 21, 31, 42)",65.3240423732,198615,102.42970848083496
"(1, 3, 10, 31, 42)",65.3200145003,198615,105.4393584728241
"(1, 2, 42, 52, 56)",65.3173292518,198615,103.66424918174744
"(2, 3, 11, 21, 42)",65.3153153153,198615,105.56963038444519
"(3, 4, 21, 42, 52)",65.3153153153,198615,103.3987786769867
"(42, 56)",65.313972691,198615,105.66387557983398
"(1, 10, 42)",65.3106161303,198615,116.8277153968811
"(1, 2, 4, 31, 56)",65.309273506,198615,105.09898948669434
"(31, 42, 52)",65.309273506,198615,104.0889663696289
"(2, 3, 21, 31, 52)",65.3018890724,198615,101.1536386013031
"(2, 21, 31, 52, 56)",65.3005464481,198615,104.19370079040527
"(1, 10, 31, 42)",65.2992038238,198615,103.90136480331421
"(2, 31, 56)",65.2978611995,198615,106.38293075561523
"(3, 4, 21, 31, 52)",65.2918193902,198615,102.56746482849121
"(1, 31, 56)",65.2904767659,198615,105.30538201332092
"(1, 11, 21, 31)",65.2777218351,198615,105.57830810546875
"(1, 4, 11, 42)",65.2710087136,198615,102.99655079841614
"(1, 2, 11, 42)",65.2696660893,198615,102.320317029953
"(1, 4, 31, 42, 52)",65.268323465,198615,102.93308401107788
"(3, 4, 7, 42)",65.2642955922,198615,121.69599771499634
"(1, 10, 42, 52)",65.2622816557,198615,103.95024418830872
"(3, 4, 31, 52, 56)",65.2616103436,198615,104.9716420173645
"(1, 3, 21, 42, 52)",65.2582537828,198615,105.34577441215515
"(3, 4, 7, 31)",65.2535545978,198615,119.42226099967957
"(2, 31, 42, 52)",65.2468414763,198615,102.55681419372559
"(2, 10, 42)",65.2340865456,198615,120.56335306167603
"(2, 3, 31, 52, 56)",65.2327439213,198615,103.61811232566833
"(1, 4, 10, 42)",65.2199889905,198615,119.02469897270203
"(3, 21, 31, 52, 56)",65.2166324297,198615,101.55493521690369
"(3, 31, 52, 56)",65.1971643775,198615,101.71147155761719
"(1, 3, 4, 7, 42)",65.1924651925,198615,127.44121789932251
"(1, 2, 31, 42, 52)",65.1924651925,198615,103.83099436759949
"(2, 3, 4, 7, 31)",65.1911225682,198615,125.4700710773468
"(3, 21, 31, 52)",65.1743397645,198615,103.81591200828552
"(3, 7, 42)",65.158228273,198615,120.90421271324158
"(3, 4, 21, 42, 56)",65.1562143365,198615,102.4715006351471
"(2, 3, 31, 42, 56)",65.1555430244,198615,101.91695833206177
"(11, 42)",65.1548717122,198615,103.50079488754272
"(2, 3, 4, 11, 31)",65.1508438394,198615,103.12953639030457
"(2, 3, 21, 42, 52)",65.14480203,198615,102.84798765182495
"(1, 11, 42)",65.1427880936,198615,104.97432327270508
"(3, 21, 42, 52)",65.1387602207,198615,105.47626852989197
"(1, 31, 42, 52)",65.1320470993,198615,104.84896206855774
"(1, 3, 31, 42, 56)",65.1260052899,198615,102.80059695243835
"(3, 7, 31)",65.1139216713,198615,121.51883363723755
"(1, 3, 21, 31, 52)",65.1098937984,198615,101.08744668960571
"(1, 10, 31)",65.107879862,198615,123.69817638397217
"(4, 21, 42)",65.1065372377,198615,104.43631768226624
"(3, 4, 42, 52, 56)",65.1004954284,198615,104.78376364707947
"(1, 3, 4, 7, 31)",65.0964675555,198615,137.64069533348083
"(1, 3, 7, 31)",65.0917683705,198615,118.51209568977356
"(2, 3, 7, 31)",65.0783421275,198615,118.1099443435669
"(4, 21, 31)",65.0783421275,198615,105.21880578994751
"(2, 4, 21, 31)",65.0763281911,198615,105.04233074188232
"(4, 7, 10, 52)",65.0709576939,198615,109.94757509231567
"(31, 52)",65.0649158846,198615,103.7890317440033
"(2, 3, 7, 42)",65.062230636,198615,127.3204517364502
"(1, 2, 3, 7, 42)",65.0488043931,198615,130.50006294250488
"(2, 4, 7, 10, 11)",65.0427625837,198615,105.8852961063385
"(2, 3, 42, 52, 56)",65.0400773352,198615,99.86905217170715
"(3, 4, 11, 31)",65.039406023,198615,101.6471836566925
"(2, 3, 4, 7, 42)",65.0320215894,198615,129.25349402427673
"(2, 21, 42)",65.0239658436,198615,103.24608540534973
"(1, 2, 7, 10, 52)",65.0226232193,198615,117.94717526435852
"(1, 7, 10, 11)",65.0145674736,198615,106.87087035179138
"(1, 4, 21, 42)",65.0125535371,198615,105.68722033500671
"(1, 3, 7, 42)",65.00718304,198615,127.69804644584656
"(2, 4, 10, 11, 52)",65.0051691035,198615,110.84903335571289
"(21, 42)",65.0038264792,198615,104.5733232498169
"(2, 42, 52)",64.9950994213,198615,104.10648655891418
"(1, 3, 4, 11, 31)",64.9944281092,198615,104.36181330680847
"(1, 3, 42, 52, 56)",64.989057612,198615,103.17563772201538
"(1, 4, 31, 52)",64.9883862999,198615,102.4789092540741
"(1, 2, 31, 42)",64.9870436756,198615,104.03408908843994
"(2, 7, 10, 52, 56)",64.9850297391,198615,107.8479495048523
"(1, 4, 21, 31)",64.9789879298,198615,105.25902843475342
"(7, 10, 21, 52)",64.9783166177,198615,105.53946900367737
"(2, 4, 21, 42)",64.9776453055,198615,105.59605312347412
"(2, 7, 10, 11)",64.9776453055,198615,108.2620038986206
"(4, 7, 31)",64.9742887448,198615,116.38501596450806
"(1, 2, 7, 10, 11)",64.9689182476,198615,106.26118540763855
"(1, 4, 31, 42)",64.9669043112,198615,104.33704042434692
"(1, 2, 4, 31, 42)",64.9655616869,198615,105.39768671989441
"(1, 2, 4, 7, 42)",64.9655616869,198615,125.03048920631409
"(31, 42)",64.961533814,198615,105.03304767608643
"(1, 7, 10, 52, 56)",64.9601911897,198615,107.67025423049927
"(4, 7, 10, 11, 56)",64.956834629,198615,101.74839854240417
"(2, 3, 4, 10, 31)",64.9541493804,198615,123.87410712242126
"(2, 31, 52)",64.9521354439,198615,105.47614765167236
"(4, 7, 10, 52, 56)",64.9474362589,198615,109.92027163505554
"(1, 42, 52)",64.9460936346,198615,107.13613080978394
"(7, 10, 11, 56)",64.9447510103,198615,101.59982991218567
"(2, 7, 10, 11, 52)",64.9326673917,198615,106.87523412704468
"(4, 31, 52)",64.9313247674,198615,104.33353996276855
"(2, 4, 31, 52)",64.9299821431,198615,103.87841320037842
"(1, 4, 42, 52)",64.9239403338,198615,103.00241279602051
"(1, 2, 31, 52)",64.9239403338,198615,105.33655071258545
"(1, 3, 31, 52, 56)",64.9232690216,198615,99.70664668083191
"(7, 10, 11, 52)",64.9225977095,198615,103.65845847129822
"(1, 2, 4, 21, 31)",64.920583773,198615,104.99731516838074
"(1, 2, 3, 10, 31)",64.9178985245,198615,123.34150171279907
"(1, 2, 3, 7, 31)",64.915884588,198615,122.55604481697083
"(4, 7, 10, 11, 21)",64.906486218,198615,103.4204671382904
"(4, 7, 42)",64.9024583451,198615,122.69853854179382
"(2, 4, 31, 42)",64.9017870329,198615,104.13697934150696
"(1, 4, 7, 10, 52)",64.8997730965,198615,108.20363521575928
"(4, 10, 11, 21, 52)",64.8977591601,198615,106.94308829307556
"(7, 10, 11)",64.8970878479,198615,106.75288939476013
"(4, 7, 10, 21, 52)",64.8957452236,198615,104.75633335113525
"(1, 31, 52)",64.8957452236,198615,105.75357794761658
"(2, 4, 7, 42)",64.8870181657,198615,128.2760353088379
"(11, 31)",64.8829902928,198615,105.79984784126282
"(1, 7, 10, 11, 52)",64.8829902928,198615,105.70142340660095
"(1, 31, 42)",64.8776197957,198615,103.80125594139099
"(1, 2, 4, 21, 42)",64.8762771714,198615,105.38565921783447
"(2, 7, 10)",64.8735919228,198615,105.29642343521118
"(2, 4, 42, 52)",64.870235362,198615,102.91447830200195
"(2, 31, 42)",64.8668788013,198615,105.73175525665283
"(7, 10, 21, 56)",64.8601656798,198615,103.78527998924255
"(2, 3, 4, 10, 42)",64.8581517434,198615,121.71408200263977
"(3, 4, 10, 31)",64.856137807,198615,121.74336266517639
"(1, 2, 3, 11, 31)",64.8554664948,198615,105.01803517341614
"(2, 3, 10, 31)",64.8514386219,198615,121.43639278411865
"(1, 2, 4, 31, 52)",64.8474107491,198615,106.24615716934204
"(4, 31, 42)",64.8453968126,198615,104.5323314666748
"(1, 21, 42)",64.8406976276,198615,105.30808424949646
"(1, 2, 4, 7, 31)",64.8393550033,198615,113.55121564865112
"(1, 7, 10, 21, 52)",64.8386836911,198615,103.77630996704102
"(2, 7, 10, 21)",64.8386836911,198615,108.83279395103455
"(1, 3, 11, 31)",64.8373410668,198615,104.32653713226318
"(1, 4, 7, 10, 21)",64.8339845061,198615,107.78647041320801
"(3, 7, 10, 11, 56)",64.8319705697,198615,102.55833721160889
"(4, 42, 52)",64.8286140089,198615,101.53499507904053
"(1, 4, 7, 42)",64.8232435118,198615,121.61459970474243
"(2, 4, 7, 31)",64.8205582632,198615,112.47132349014282
"(2, 11, 31)",64.8178730146,198615,104.07382488250732
"(3, 7, 10, 11, 52)",64.8091459567,198615,102.04431819915771
"(1, 11, 31)",64.8091459567,198615,107.93205261230469
"(3, 11, 31)",64.8078033324,198615,102.55760169029236
"(3, 42, 52, 56)",64.805789396,198615,104.10591673851013
"(1, 4, 7, 10, 11)",64.7957197138,198615,101.5019178390503
"(4, 7, 10, 21, 56)",64.7930344652,198615,100.27080798149109
"(1, 2, 21, 42)",64.7930344652,198615,108.87634372711182
"(2, 4, 7, 10, 52)",64.7916918409,198615,110.33604431152344
"(1, 2, 3, 10, 42)",64.7896779044,198615,122.64300584793091
"(42, 52)",64.7890065923,198615,102.55116629600525
"(1, 7, 10, 11, 56)",64.787663968,198615,105.29624128341675
"(7, 10, 11, 52, 56)",64.7863213437,198615,101.59219861030579
"(2, 7, 10, 11, 56)",64.7849787194,198615,103.14853310585022
"(1, 21, 31)",64.7849787194,198615,106.99670433998108
"(3, 4, 10, 42)",64.7843074073,198615,121.36683630943298
"(3, 7, 10, 11, 21)",64.7702098522,198615,104.67110919952393
"(2, 7, 10, 21, 52)",64.7655106672,198615,99.84622073173523
"(1, 4, 7, 31)",64.7587975457,198615,122.21038007736206
"(1, 3, 10, 31)",64.7514131121,198615,127.25104308128357
"(3, 10, 31)",64.7507417999,198615,122.48940110206604
"(1, 2, 42, 52)",64.7453713027,198615,105.74765467643738
"(1, 2, 4, 42, 52)",64.7353016205,198615,103.6840705871582
"(4, 7, 10, 21)",64.7332876841,198615,105.16521906852722
"(2, 3, 4, 31, 56)",64.7306024355,198615,103.49921679496765
"(21, 31)",64.7285884991,198615,104.07919144630432
"(2, 4, 7, 10, 56)",64.7279171869,198615,109.51038599014282
"(1, 3, 4, 10, 42)",64.7218753776,198615,115.36725211143494
"(1, 3, 4, 10, 31)",64.7198614412,198615,121.56745219230652
"(3, 31, 56)",64.7185188169,198615,102.69575119018555
"(2, 3, 11, 31)",64.7178475047,198615,104.73743867874146
"(2, 7, 10, 21, 56)",64.7124770076,198615,105.4910147190094
"(4, 7, 10, 11)",64.7104630711,198615,104.18265724182129
"(7, 10, 52, 56)",64.709791759,198615,104.25125932693481
"(1, 2, 11, 31)",64.7077778225,198615,106.23260068893433
"(2, 7, 10, 56)",64.7057638861,198615,110.95016479492188
"(7, 10, 52)",64.7024073254,198615,111.30974197387695
"(1, 2, 7, 10)",64.6990507646,198615,106.89816570281982
"(7, 10)",64.6990507646,198615,111.92328310012817
"(2, 7, 10, 52)",64.6896523946,198615,113.2274124622345
"(7, 10, 11, 21, 56)",64.6876384581,198615,103.56281089782715
"(7, 10, 21, 52, 56)",64.6815966488,198615,96.74061918258667
"(2, 3, 31, 56)",64.6789114002,198615,104.45290064811707
"(1, 7, 10, 21)",64.6782400881,198615,106.10993576049805
"(4, 10, 11, 52)",64.6762261516,198615,110.06485199928284
"(3, 7, 10, 21, 56)",64.6708556545,198615,103.06298518180847
"(1, 7, 10, 21, 56)",64.6668277816,198615,101.5227279663086
"(1, 7, 10, 11, 21)",64.6668277816,198615,106.15867185592651
"(7, 10, 11, 21)",64.6648138451,198615,104.29792547225952
"(1, 7, 10, 52)",64.6567580994,198615,113.13978123664856
"(7, 10, 56)",64.6480310415,198615,112.44127798080444
"(1, 2, 21, 31)",64.6446744807,198615,109.04578757286072
"(2, 3, 10, 42)",64.6440031686,198615,120.42488861083984
"(4, 7, 10, 56)",64.6426605443,198615,113.40258836746216
"(1, 3, 4, 11, 42)",64.6352761107,198615,99.1449511051178
"(2, 3, 4, 42, 56)",64.6325908621,198615,100.90034651756287
"(1, 10, 11, 52)",64.6285629892,198615,111.48680567741394
"(2, 21, 31)",64.6265490528,198615,107.43078708648682
"(3, 4, 31, 56)",64.6252064285,198615,104.91591358184814
"(1, 2, 3, 31, 56)",64.6238638042,198615,103.6006133556366
"(1, 4, 10, 11, 52)",64.6238638042,198615,109.48832297325134
"(2, 7, 10, 11, 21)",64.6084236248,198615,106.92965936660767
"(3, 10, 11, 52, 56)",64.6077523127,198615,103.18454670906067
"(3, 4, 11, 42)",64.6070810005,198615,105.81865906715393
"(1, 3, 10, 42)",64.6017105033,198615,125.47327184677124
"(10, 11, 52)",64.6010391912,198615,113.49171829223633
"(1, 3, 4, 31, 56)",64.6003678791,198615,98.73977184295654
"(2, 3, 4, 11, 42)",64.5990252548,198615,103.63752579689026
"(3, 10, 42)",64.5936547576,198615,123.15718030929565
"(1, 2, 7, 10, 21)",64.5929834454,198615,113.27902698516846
"(4, 10, 11, 56)",64.5923121333,198615,108.78376317024231
"(2, 3, 10, 11, 56)",64.5916408211,198615,106.8552188873291
"(1, 3, 31, 56)",64.5876129483,198615,100.0701322555542
"(2, 3, 31, 42, 52)",64.5849276997,198615,100.46983575820923
"(2, 3, 10, 11, 52)",64.5842563875,198615,108.33378195762634
"(1, 3, 4, 42, 56)",64.5802285147,198615,101.77264714241028
"(1, 4, 10, 11, 21)",64.5748580175,198615,114.00356984138489
"(3, 4, 10, 11, 56)",64.572844081,198615,109.21881604194641
"(2, 10, 11, 52, 56)",64.5715014567,198615,104.03228759765625
"(1, 7, 10)",64.5688162082,198615,114.04896473884583
"(3, 10, 11, 21, 52)",64.5674735839,198615,102.43554592132568
"(1, 4, 7, 10, 56)",64.5668022717,198615,108.78237056732178
"(2, 10, 11, 21, 56)",64.5607604624,198615,106.89078950881958
"(3, 7, 10, 21, 52)",64.5553899652,198615,102.35137748718262
"(1, 4, 10, 11, 56)",64.5553899652,198615,107.94371891021729
"(2, 4, 7, 10, 21)",64.5527047166,198615,106.97720837593079
"(1, 7, 10, 56)",64.5506907802,198615,111.11012244224548
"(7, 10, 21)",64.5439776587,198615,113.208261013031
"(7, 10, 11, 21, 52)",64.5258522308,198615,103.79969239234924
"(3, 4, 31, 42, 52)",64.517796485,198615,102.6342442035675
"(2, 10, 21, 52, 56)",64.5077268028,198615,104.19922971725464
"(2, 4, 10, 11, 56)",64.5043702421,198615,108.53633856773376
"(1, 2, 10, 11, 52)",64.5036989299,198615,118.41058492660522
"(4, 10, 21, 52, 56)",64.485573502,198615,102.41728734970093
"(1, 4, 10, 21, 52)",64.4828882534,198615,103.93968272209167
"(4, 10, 11, 52, 56)",64.4808743169,198615,102.37696409225464
"(4, 10, 11, 21, 56)",64.4808743169,198615,103.50519871711731
"(2, 4, 10, 52, 56)",64.4728185712,198615,105.49603962898254
"(2, 10, 11, 56)",64.4728185712,198615,109.65934944152832
"(1, 2, 3, 11, 42)",64.4694620104,198615,103.8746235370636
"(2, 4, 10, 21, 52)",64.4661054497,198615,104.75657272338867
"(3, 10, 21, 52, 56)",64.4587210161,198615,100.51777362823486
"(4, 10, 21, 56)",64.4587210161,198615,107.03735423088074
"(2, 10, 11, 21, 52)",64.4533505189,198615,107.46841955184937
"(1, 2, 7, 10, 56)",64.4526792068,198615,115.86920022964478
"(1, 2, 10, 11, 56)",64.449322646,198615,108.72957277297974
"(10, 11, 56)",64.4473087096,198615,105.41690278053284
"(3, 4, 42, 56)",64.4419382124,198615,105.7252745628357
"(1, 3, 31, 42, 52)",64.4372390274,198615,101.364422082901
"(1, 3, 10, 11, 52)",64.4358964031,198615,104.61133480072021
"(1, 2, 3, 42, 56)",64.4231414723,198615,104.32533240318298
"(3, 10, 11, 21, 56)",64.4191135994,198615,100.44845628738403
"(3, 4, 10, 11, 52)",64.4177709751,198615,109.36524152755737
"(2, 4, 10, 11, 21)",64.4157570387,198615,118.0114164352417
"(4, 10, 52, 56)",64.4157570387,198615,106.05738973617554
"(3, 7, 10, 56)",64.4150857266,198615,112.40562677383423
"(10, 11, 52, 56)",64.4063586687,198615,100.10295748710632
"(10, 11, 21)",64.4063586687,198615,121.14774513244629
"(3, 7, 10, 52, 56)",64.4009881715,198615,108.87666893005371
"(3, 10, 11, 52)",64.3956176743,198615,111.15383529663086
"(3, 4, 10, 21, 56)",64.3909184893,198615,102.94926714897156
"(3, 31, 42, 52)",64.3889045528,198615,103.74523591995239
"(1, 10, 11, 21)",64.3868906164,198615,115.73185634613037
"(2, 4, 10, 11)",64.3862193043,198615,127.10571479797363
"(10, 11, 21, 52, 56)",64.38487668,198615,102.12977910041809
"(3, 42, 56)",64.3828627435,198615,102.72741436958313
"(2, 10, 11, 52)",64.3808488071,198615,110.64516258239746
"(1, 10, 21, 52, 56)",64.3761496221,198615,103.06344556808472
"(10, 11)",64.371450437,198615,127.62624335289001
"(4, 10, 11, 21)",64.3707791249,198615,118.02980732917786
"(3, 10, 11, 56)",64.3660799399,198615,107.88989639282227
"(1, 3, 42, 56)",64.3660799399,198615,106.61566638946533
"(1, 4, 10, 52, 56)",64.3627233791,198615,105.76540040969849
"(1, 3, 11, 42)",64.362052067,198615,103.41297483444214
"(1, 2, 10, 21, 52)",64.3580241941,198615,104.76730966567993
"(2, 10, 21, 52)",64.3499684483,198615,104.00199580192566
"(10, 21, 52)",64.3492971362,198615,102.7227680683136
"(2, 10, 21, 56)",64.343926639,198615,101.88253974914551
"(1, 10, 52, 56)",64.3419127026,198615,102.0987753868103
"(2, 3, 10, 11, 21)",64.3325143325,198615,116.36692786216736
"(1, 3, 10, 21, 56)",64.3325143325,198615,104.03306412696838
"(1, 10, 21, 56)",64.3318430204,198615,105.96190881729126
"(10, 11, 21, 56)",64.3224446503,198615,106.07855796813965
"(1, 10, 11, 52, 56)",64.316402841,198615,103.14594602584839
"(10, 21, 52, 56)",64.3110323438,198615,104.0515501499176
"(10, 11, 21, 52)",64.2969347887,198615,107.9747257232666
"(4, 10, 21, 52)",64.2942495402,198615,102.31914138793945
"(2, 4, 10, 21, 56)",64.288879043,198615,104.42329859733582
"(1, 2, 4, 10, 11)",64.2801519851,198615,136.40746235847473
"(1, 4, 10, 21, 56)",64.2774667365,198615,103.73345232009888
"(1, 3, 10, 11, 56)",64.2720962393,198615,109.07247710227966
"(1, 3, 7, 10, 11)",64.2687396786,198615,104.45160460472107
"(2, 7, 42)",64.26605443,198615,121.42768001556396
"(10, 52, 56)",64.261355245,198615,103.34089660644531
"(3, 10, 11, 21)",64.2506142506,198615,114.13310098648071
"(2, 10, 11)",64.2499429385,198615,124.23392105102539
"(3, 4, 7, 10, 11)",64.2492716263,198615,105.85258960723877
"(1, 2, 10, 11)",64.2486003142,198615,132.74129605293274
"(2, 3, 11, 42)",64.2418871927,198615,105.08322191238403
"(1, 10, 11, 56)",64.238530632,198615,109.14761400222778
"(1, 3, 4, 21, 42)",64.2378593198,198615,107.03122425079346
"(3, 4, 21, 31)",64.2358453834,198615,106.53579998016357
"(3, 10, 21, 56)",64.2358453834,198615,102.9957206249237
"(1, 2, 10, 21, 56)",64.2277896376,198615,105.16515827178955
"(2, 10, 11, 21)",64.2237617647,198615,115.37070345878601
"(3, 4, 10, 11, 21)",64.2230904526,198615,117.56709551811218
"(3, 4, 7, 10, 56)",64.2096642097,198615,111.80817794799805
"(1, 2, 4, 10, 56)",64.2076502732,198615,112.09898614883423
"(2, 3, 21, 42)",64.2063076489,198615,106.3409833908081
"(3, 11, 42)",64.1848256602,198615,101.04533123970032
"(1, 2, 10, 11, 21)",64.1801264752,198615,124.3905074596405
"(1, 4, 10, 52)",64.1794551631,198615,120.90281128883362
"(2, 10, 21)",64.1794551631,198615,118.72508907318115
"(3, 4, 21, 42)",64.1781125388,198615,104.66017293930054
"(2, 3, 42, 56)",64.1713994173,198615,103.47946262359619
"(1, 10, 21, 52)",64.1680428566,198615,106.69247436523438
"(3, 4, 10, 21, 52)",64.1667002323,198615,102.04999208450317
"(2, 3, 4, 21, 42)",64.1646862958,198615,104.26813912391663
"(2, 4, 7, 10)",64.160658423,198615,108.11410450935364
"(1, 2, 3, 21, 31)",64.1566305501,198615,103.81862115859985
"(1, 3, 7, 10, 56)",64.1559592379,198615,110.26646876335144
"(1, 10, 11, 21, 56)",64.1539453015,198615,107.64534664154053
"(3, 7, 10, 11)",64.1526026772,198615,102.65780210494995
"(1, 3, 4, 21, 31)",64.1512600529,198615,101.30896377563477
"(1, 3, 10, 11, 21)",64.1505887408,198615,118.06381344795227
"(2, 3, 7, 10, 56)",64.1499174286,198615,111.16937303543091
"(10, 21)",64.1465608679,198615,121.23315930366516
"(1, 10, 11, 21, 52)",64.1458895557,198615,109.94297623634338
"(1, 2, 10, 52)",64.1432043071,198615,117.42473554611206
"(1, 2, 4, 7, 10)",64.1411903707,198615,110.0326075553894
"(1, 3, 10, 21, 52)",64.1391764343,198615,99.8162488937378
"(10, 21, 56)",64.13783381,198615,101.16921901702881
"(1, 10, 11)",64.1364911857,198615,130.26366567611694
"(1, 7, 31)",64.1217223184,198615,127.40632510185242
"(3, 10, 52, 56)",64.1176944456,198615,102.04392957687378
"(7, 42)",64.1143378848,198615,120.66073727607727
"(2, 10, 52, 56)",64.1116526362,198615,105.70552110671997
"(10, 52)",64.1042682026,198615,120.62751007080078
"(1, 3, 21, 42)",64.1022542662,198615,103.7282555103302
"(1, 4, 10, 11)",64.0868140868,198615,128.72891402244568
"(1, 2, 4, 10, 52)",64.0801009653,198615,123.54448080062866
"(2, 3, 10, 21, 56)",64.0801009653,198615,102.77685689926147
"(10, 56)",64.0760730925,198615,110.7285704612732
"(4, 10, 52)",64.0727165317,198615,119.9911367893219
"(1, 10, 56)",64.064660786,198615,113.93639707565308
"(4, 10, 56)",64.0633181617,198615,116.68749618530273
"(1, 7, 42)",64.0633181617,198615,127.67281913757324
"(2, 4, 10, 21)",64.0519058552,198615,124.36654877662659
"(3, 21, 42)",64.0438501094,198615,105.34913611412048
"(3, 4, 7, 10, 21)",64.0431787973,198615,105.99464988708496
"(1, 10, 21)",64.0384796123,198615,123.2608003616333
"(1, 2, 10, 56)",64.0324378029,198615,110.849356174469
"(1, 10, 52)",64.0324378029,198615,113.06884050369263
"(4, 10, 11)",64.0310951786,198615,129.62148237228394
"(3, 4, 7, 10, 52)",64.0277386179,198615,113.05530786514282
"(2, 3, 7, 10, 11)",64.0277386179,198615,104.284912109375
"(2, 3, 4, 21, 31)",64.0270673058,198615,101.36394166946411
"(1, 2, 10, 52, 56)",64.0210254964,198615,106.96789455413818
"(4, 7, 11, 52, 56)",64.0075992535,198615,105.0756459236145
"(2, 3, 7, 10, 21)",63.996186947,198615,105.59165096282959
"(2, 10, 56)",63.9955156349,198615,108.36524558067322
"(2, 4, 10, 56)",63.9941730106,198615,108.79475450515747
"(1, 2, 7, 42)",63.9847746405,198615,130.77983403205872
"(1, 2, 7, 31)",63.9773902069,198615,125.56867718696594
"(3, 4, 10, 52, 56)",63.9700057733,198615,104.13186144828796
"(1, 3, 21, 31)",63.9679918368,198615,106.39548635482788
"(4, 7, 21, 52, 56)",63.9666492126,198615,109.71304225921631
"(1, 2, 3, 21, 42)",63.9478524724,198615,105.04588198661804
"(3, 10, 21, 52)",63.9478524724,198615,103.56568360328674
"(1, 4, 7, 10)",63.9424819753,198615,107.17989182472229
"(2, 7, 31)",63.9357688538,198615,121.02437400817871
"(4, 7, 11, 21, 52)",63.9337549174,198615,106.06689023971558
"(4, 7, 10)",63.9290557323,198615,108.5146689414978
"(1, 7, 11, 52, 56)",63.9102589922,198615,105.31000447273254
"(7, 31)",63.8988466857,198615,111.65137147903442
"(1, 2, 10, 21)",63.8881056914,198615,129.86479544639587
"(3, 7, 10, 52)",63.8847491307,198615,109.50816226005554
"(3, 21, 31)",63.8780360092,198615,104.5029513835907
"(1, 3, 10, 52, 56)",63.877364697,198615,103.43353152275085
"(2, 3, 7, 10, 52)",63.8746794484,198615,111.61082673072815
"(2, 3, 4, 31, 42)",63.8706515756,198615,105.28490591049194
"(1, 4, 10, 56)",63.8699802634,198615,114.8063976764679
"(1, 2, 4, 10, 21)",63.867966327,198615,123.87026810646057
"(1, 7, 21, 52, 56)",63.8619245177,198615,103.93288779258728
"(2, 4, 10, 52)",63.8417851533,198615,121.07207298278809
"(3, 4, 31, 52)",63.840442529,198615,102.0761981010437
"(3, 7, 10, 21)",63.8323867832,198615,102.13521242141724
"(2, 3, 4, 31, 52)",63.8276875982,198615,105.49142074584961
"(2, 3, 21, 31)",63.827016286,198615,106.53006768226624
"(1, 4, 10, 21)",63.8135900431,198615,125.81157994270325
"(1, 3, 4, 42, 52)",63.804191673,198615,100.07232737541199
"(2, 10, 52)",63.7988211759,198615,113.35605001449585
"(7, 11, 21, 52)",63.7921080544,198615,103.72713804244995
"(1, 7, 11, 21, 52)",63.7800244358,198615,108.52471113204956
"(4, 10, 21)",63.7699547536,198615,125.1213915348053
"(2, 3, 10, 21, 52)",63.7659268807,198615,103.1546995639801
"(2, 3, 10, 52, 56)",63.7525006377,198615,103.50769901275635
"(2, 7, 11, 21, 52)",63.7464588284,198615,104.76470994949341
"(1, 3, 4, 31, 52)",63.7384030827,198615,102.00912046432495
"(1, 3, 7, 10, 21)",63.7363891462,198615,105.55015587806702
"(2, 7, 11, 52, 56)",63.7323612733,198615,104.77998423576355
"(1, 3, 7, 10, 52)",63.7001382903,198615,107.29959964752197
"(2, 3, 4, 42, 52)",63.6967817296,198615,100.66108703613281
"(3, 4, 31, 42)",63.6927538567,198615,104.31226372718811
"(3, 4, 42, 52)",63.6732858044,198615,103.8446753025055
"(2, 7, 21, 52, 56)",63.6363636364,198615,105.13242387771606
"(7, 21, 52, 56)",63.602798029,198615,107.26738619804382
"(1, 3, 4, 31, 42)",63.5900430982,198615,102.64100217819214
"(1, 2, 3, 31, 42)",63.5819873525,198615,102.18308091163635
"(7, 11, 52, 56)",63.5652045488,198615,102.81809759140015
"(2, 4, 11, 52, 56)",63.5638619245,198615,104.32564043998718
"(2, 3, 42, 52)",63.5551348666,198615,104.88423657417297
"(2, 4, 7, 52, 56)",63.5356668144,198615,121.27022886276245
"(2, 3, 31, 42)",63.5323102536,198615,104.3210928440094
"(1, 3, 10, 56)",63.5128422014,198615,114.24701166152954
"(4, 11, 21, 52, 56)",63.5121708892,198615,99.25370526313782
"(7, 11, 21, 52, 56)",63.5061290799,198615,101.10221457481384
"(3, 31, 42)",63.4859897155,198615,104.48126697540283
"(3, 4, 10, 56)",63.4712208483,198615,111.62739944458008
"(2, 4, 7, 11, 52)",63.4665216632,198615,115.71636199951172
"(1, 4, 7, 52, 56)",63.447053611,198615,118.59078669548035
"(2, 4, 11, 21, 52)",63.4430257381,198615,106.60811734199524
"(2, 4, 21, 52, 56)",63.4416831138,198615,104.87896633148193
"(1, 11, 52, 56)",63.4202011251,198615,105.727942943573
"(2, 3, 4, 10, 56)",63.4188585008,198615,107.92112946510315
"(4, 21, 52, 56)",63.3866355178,198615,106.19585371017456
"(1, 4, 11, 21, 52)",63.3839502692,198615,103.84941482543945
"(1, 2, 3, 42, 52)",63.3805937085,198615,105.04355597496033
"(1, 11, 21, 52, 56)",63.3664961534,198615,103.86024641990662
"(2, 3, 31, 52)",63.3644822169,198615,103.7108645439148
"(4, 11, 52, 56)",63.3604543441,198615,104.54096817970276
"(3, 31, 52)",63.3523985983,198615,101.9564368724823
"(3, 42, 52)",63.3383010432,198615,103.74519228935242
"(11, 52, 56)",63.3376297311,198615,104.75859808921814
"(1, 3, 31, 42)",63.323532176,198615,106.20694994926453
"(4, 11, 21, 52)",63.3221895517,198615,104.97788071632385
"(1, 3, 4, 10, 56)",63.3195043031,198615,104.4174427986145
"(1, 4, 11, 52, 56)",63.3161477424,198615,102.96610832214355
"(1, 2, 3, 10, 56)",63.3107772452,198615,110.32563376426697
"(1, 2, 11, 52, 56)",63.3094346209,198615,105.8827257156372
"(1, 3, 31, 52)",63.3040641237,198615,104.16115164756775
"(1, 4, 7, 11, 52)",63.2986936266,198615,112.92637515068054
"(1, 3, 42, 52)",63.2980223144,198615,104.90098977088928
"(4, 7, 52, 56)",63.2906378808,198615,122.13224220275879
"(1, 2, 3, 31, 52)",63.2886239444,198615,103.19585251808167
"(4, 7, 11, 52)",63.2751977014,198615,115.3772566318512
"(1, 4, 21, 52, 56)",63.2745263893,198615,107.03438210487366
"(2, 3, 10, 56)",63.2543870249,198615,109.590749502182
"(1, 3, 42)",63.2389468455,198615,115.48792147636414
"(3, 10, 56)",63.2268632269,198615,114.38828206062317
"(2, 3, 4, 10, 11)",63.2201501054,198615,130.12667798995972
"(2, 11, 52, 56)",63.2087377989,198615,105.11550712585449
"(1, 21, 52, 56)",63.1939689317,198615,102.02570223808289
"(1, 2, 7, 52, 56)",63.1577180758,198615,127.50624752044678
"(11, 21, 52, 56)",63.1557041393,198615,104.04202771186829
"(3, 42)",63.1536902029,198615,108.58531379699707
"(1, 11, 21, 52)",63.1409352721,198615,104.56774854660034
"(11, 21, 52)",63.1120688498,198615,100.7380964756012
"(1, 2, 11, 21, 52)",63.0751466817,198615,104.75321531295776
"(7, 52, 56)",63.0751466817,198615,125.13996458053589
"(21, 52, 56)",63.0744753696,198615,103.49845600128174
"(2, 11, 21, 52, 56)",63.0603778145,198615,102.98416805267334
"(2, 7, 52, 56)",63.0516507566,198615,118.5208375453949
"(3, 7, 21, 52, 56)",63.0388958258,198615,105.07809829711914
"(2, 11, 21, 52)",63.03084008,198615,103.43462252616882
"(1, 2, 21, 52, 56)",63.0268122071,198615,104.34200668334961
"(3, 4, 10, 11)",63.0207703978,198615,128.3267467021942
"(1, 3, 10, 11)",63.0153999006,198615,136.53659415245056
"(2, 3, 42)",62.985190854,198615,107.46972155570984
"(1, 3, 4, 10, 21)",62.9731072354,198615,124.4001681804657
"(1, 4, 7, 21, 52)",62.948268686,198615,111.64619636535645
"(1, 7, 52, 56)",62.9422268767,198615,120.54304194450378
"(1, 2, 3, 42)",62.9294719459,198615,112.25693845748901
"(1, 2, 3, 4, 42)",62.9267866973,198615,116.36773633956909
"(2, 3, 4, 42)",62.9247727608,198615,117.29218578338623
"(1, 3, 4, 10, 11)",62.9200735758,198615,127.28249549865723
"(3, 7, 11, 21, 52)",62.9194022637,198615,104.14037275314331
"(2, 21, 52, 56)",62.9100038936,198615,103.2216272354126
"(1, 3, 4, 42)",62.9053047086,198615,115.04184484481812
"(2, 4, 7, 21, 52)",62.9046333964,198615,111.31716728210449
"(4, 7, 21, 52)",62.8905358414,198615,113.73128461837769
"(2, 3, 10, 11)",62.8838227199,198615,129.51509380340576
"(3, 7, 11, 52, 56)",62.8596554826,198615,101.91963529586792
"(3, 7, 11)",62.8583128583,198615,117.35644602775574
"(3, 10, 11)",62.8408587425,198615,130.78452849388123
"(1, 3, 4, 7, 11)",62.8375021818,198615,118.93479490280151
"(1, 2, 3, 7, 11)",62.8354882453,198615,121.18786978721619
"(1, 2, 3, 10, 11)",62.8220620024,198615,128.0085370540619
"(3, 4, 42)",62.8079644473,198615,115.18950128555298
"(2, 3, 4, 10, 21)",62.7918529558,198615,125.64690279960632
"(1, 2, 3, 4, 31)",62.7844685222,198615,115.35153007507324
"(1, 3, 7, 11)",62.7717135914,198615,119.88707041740417
"(3, 7, 11, 52)",62.7542594756,198615,113.83869647979736
"(1, 3, 31)",62.7529168513,198615,106.4219183921814
"(1, 3, 10, 21)",62.7394906083,198615,125.91429996490479
"(2, 3, 4, 7, 11)",62.7206938682,198615,116.40250539779663
"(3, 4, 10, 21)",62.6864569488,198615,122.7756769657135
"(3, 10, 21)",62.6857856366,198615,126.93448638916016
"(7, 11, 52)",62.6757159544,198615,119.91593027114868
"(1, 2, 3, 10, 21)",62.6690028329,198615,123.82394051551819
"(2, 7, 21, 52)",62.6643036479,198615,113.55583381652832
"(3, 31)",62.6387937863,198615,104.95547389984131
"(3, 4, 7, 11)",62.637451162,198615,121.10649752616882
"(3, 4, 7, 11, 52)",62.6253675434,198615,111.64075112342834
"(2, 3, 31)",62.5844175025,198615,112.79265475273132
"(1, 2, 3, 31)",62.5750191324,198615,117.05620908737183
"(2, 3, 4, 31)",62.5649494502,198615,115.67221593856812
"(1, 7, 21, 52)",62.554879768,198615,111.82774257659912
"(1, 3, 7, 11, 52)",62.5461527101,198615,116.89352226257324
"(2, 7, 11, 52)",62.5333977793,198615,112.334397315979
"(2, 3, 7, 11)",62.5333977793,198615,118.40356135368347
"(1, 7, 11, 52)",62.5333977793,198615,115.98462224006653
"(3, 7, 10)",62.5152723513,198615,110.31154227256775
"(1, 2, 7, 21, 52)",62.4964756112,198615,117.12285137176514
"(3, 4, 11, 52, 56)",62.4964756112,198615,104.26744055747986
"(2, 3, 7, 11, 52)",62.4837206804,198615,116.0401062965393
"(7, 21, 52)",62.426659148,198615,111.92672872543335
"(2, 3, 10, 21)",62.4206173387,198615,124.64440178871155
"(1, 3, 4, 31)",62.3883943556,198615,116.02155995368958
"(3, 4, 31)",62.3877230435,198615,118.37822675704956
"(1, 2, 3, 7, 10)",62.3776533613,198615,117.28298735618591
"(1, 2, 7, 11, 52)",62.3601992454,198615,117.48499417304993
"(1, 2, 4, 42)",62.3440877539,198615,112.77015042304993
"(2, 4, 42)",62.3393885689,198615,105.64303517341614
"(1, 3, 7, 10)",62.335360696,198615,117.06963324546814
"(3, 4, 10, 52)",62.330661511,198615,120.2697172164917
"(3, 11, 21, 52, 56)",62.3266336381,198615,103.61157035827637
"(1, 3, 4, 7, 10)",62.3212631409,198615,110.8934600353241
"(3, 4, 11, 21, 52)",62.312536083,198615,104.6759922504425
"(1, 3, 11, 21, 52)",62.3058229616,198615,103.478933095932
"(4, 42)",62.2910540943,198615,108.91615104675293
"(3, 4, 7, 10)",62.2876975336,198615,115.11960172653198
"(3, 4, 21, 52, 56)",62.2782991635,198615,105.83169841766357
"(2, 3, 4, 10, 52)",62.2682294813,198615,110.30928778648376
"(3, 21, 52, 56)",62.2554745506,198615,100.82772397994995
"(2, 3, 7, 10)",62.2534606141,198615,114.36616706848145
"(2, 4, 7, 11, 56)",62.2474188048,198615,114.05757761001587
"(52, 56)",62.2474188048,198615,106.66696405410767
"(3, 7, 52, 56)",62.2433909319,198615,120.85148763656616
"(3, 11, 21, 52)",62.2360064983,198615,103.36389446258545
"(1, 3, 4, 10, 52)",62.2292933768,198615,110.29719734191895
"(1, 4, 52, 56)",62.2158671339,198615,106.0078296661377
"(1, 4, 7, 21, 56)",62.2158671339,198615,109.34532880783081
"(1, 3, 11, 52, 56)",62.2145245096,198615,100.6510374546051
"(4, 7, 11, 56)",62.2138531975,198615,112.06257152557373
"(2, 3, 7, 52, 56)",62.2125105732,198615,123.52242755889893
"(4, 52, 56)",62.2091540124,198615,106.21255540847778
"(2, 3, 21, 52, 56)",62.2057974517,198615,100.16477012634277
"(3, 4, 7, 52, 56)",62.2017695788,198615,119.91214036941528
"(4, 7, 21, 56)",62.1789449658,198615,110.79804992675781
"(2, 3, 4, 7, 10)",62.1735744687,198615,110.27125215530396
"(2, 3, 7, 11, 56)",62.1641760986,198615,115.24709939956665
"(2, 3, 11, 21, 52)",62.1628334743,198615,103.70154190063477
"(1, 2, 3, 10, 52)",62.1588056014,198615,113.97514176368713
"(1, 4, 42)",62.1547777285,198615,110.177077293396
"(3, 11, 52, 56)",62.1487359192,198615,104.87695717811584
"(2, 3, 11, 52, 56)",62.1480646071,198615,102.25975942611694
"(1, 2, 4, 52, 56)",62.1426941099,198615,106.97697973251343
"(4, 7, 11, 21, 56)",62.1366523006,198615,104.28173685073853
"(1, 3, 7, 52, 56)",62.1353096763,198615,119.29272723197937
"(2, 4, 11, 52)",62.1252399941,198615,106.10188913345337
"(2, 52, 56)",62.1238973698,198615,110.53113293647766
"(1, 52, 56)",62.1091285026,198615,111.88150811195374
"(2, 4, 7, 21, 56)",62.1010727568,198615,109.7965898513794
"(2, 4, 7, 11, 21)",62.0822760167,198615,109.90698027610779
"(1, 2, 52, 56)",62.0742202709,198615,113.67982888221741
"(1, 4, 7, 11, 21)",62.0675071495,198615,111.85130047798157
"(2, 3, 7, 21, 52)",62.0587800916,198615,112.26687145233154
"(1, 3, 7, 11, 21)",62.056094843,198615,111.8600823879242
"(1, 3, 21, 52, 56)",62.0540809065,198615,105.09403371810913
"(2, 3, 7, 21, 56)",62.0527382822,198615,110.91494107246399
"(1, 3, 7, 11, 56)",62.0466964729,198615,113.84544706344604
"(1, 3, 10, 52)",62.0406546636,198615,120.17729306221008
"(3, 7, 11, 56)",62.0339415421,198615,108.92159914970398
"(3, 10, 52)",62.028571045,198615,115.90303993225098
"(3, 7, 21, 56)",62.0265571085,198615,114.15081405639648
"(2, 4, 52, 56)",62.0205152992,198615,103.91412210464478
"(2, 3, 7, 11, 21)",62.0191726749,198615,111.21544647216797
"(4, 7, 11, 21)",62.0185013628,198615,113.8917624950409
"(1, 3, 7, 21, 56)",62.0084316806,198615,108.09910154342651
"(3, 4, 7, 21, 56)",62.0010472469,198615,114.65116739273071
"(2, 3, 10, 52)",61.9916488769,198615,118.86994862556458
"(3, 4, 7, 11, 21)",61.9896349405,198615,110.87581896781921
"(1, 4, 7, 11, 56)",61.9856070676,198615,113.52686405181885
"(3, 4, 7, 11, 56)",61.9795652583,198615,106.3909502029419
"(3, 7, 11, 21, 56)",61.9641250789,198615,101.00709700584412
"(3, 7, 11, 21)",61.9621111424,198615,115.61457324028015
"(4, 11, 52)",61.9594258939,198615,107.43482494354248
"(1, 3, 7, 21, 52)",61.9453283388,198615,110.51520562171936
"(3, 4, 7, 21, 52)",61.9413004659,198615,111.29725360870361
"(1, 2, 4, 11, 52)",61.9392865295,198615,106.21943497657776
"(1, 4, 11, 52)",61.9265315987,198615,108.15629482269287
"(1, 2, 4, 7, 11)",61.8755118755,198615,112.59845066070557
"(3, 7, 21, 52)",61.8573864476,198615,111.82737445831299
"(2, 4, 21, 52)",61.8419462682,198615,105.71280145645142
"(2, 4, 7, 11)",61.7889126086,198615,113.98850274085999
"(1, 4, 7, 11)",61.6821739773,198615,114.8677933216095
"(3, 7, 56)",61.6526362428,198615,130.8844554424286
"(4, 7, 11)",61.5875189646,198615,109.45495915412903
"(1, 4, 21, 52)",61.5821484674,198615,104.27488660812378
"(1, 2, 3, 7, 56)",61.5767779702,198615,132.29839038848877
"(1, 3, 4, 7, 56)",61.566708288,198615,132.78411030769348
"(1, 3, 7, 56)",61.5586525423,198615,137.7491524219513
"(1, 2, 4, 21, 52)",61.5519394208,198615,103.50963616371155
"(2, 3, 7, 56)",61.5378418657,198615,128.75387024879456
"(4, 21, 52)",61.5136746284,198615,106.38746333122253
"(1, 3, 4, 11, 52)",61.5056188827,198615,103.507159948349
"(2, 3, 11, 52)",61.488836079,198615,106.19710350036621
"(3, 4, 7, 56)",61.4700393389,198615,131.6128876209259
"(1, 4, 31)",61.456613096,198615,117.72078657150269
"(3, 11, 52)",61.4445294773,198615,106.56170868873596
"(1, 11, 52)",61.4411729166,198615,105.54008293151855
"(11, 52)",61.4378163558,198615,105.83414578437805
"(1, 2, 4, 31)",61.4364737316,198615,122.91411590576172
"(4, 31)",61.4230474886,198615,109.40164184570312
"(1, 3, 4, 11, 56)",61.3854540084,198615,103.20874881744385
"(7, 21, 56)",61.3753843262,198615,115.37991237640381
"(2, 7, 11, 21, 56)",61.3659859561,198615,105.71748495101929
"(3, 11, 56)",61.365314644,198615,106.26652479171753
"(2, 3, 11, 21, 56)",61.3592728347,198615,100.2191653251648
"(2, 21, 52)",61.3492031525,198615,106.86835026741028
"(1, 21, 52)",61.347189216,198615,104.73979258537292
"(1, 3, 4, 11, 21)",61.3431613432,198615,105.89185333251953
"(1, 3, 11, 52)",61.342490031,198615,105.64440608024597
"(2, 11, 52)",61.3398047824,198615,106.24647665023804
"(1, 7, 11, 21)",61.333091661,198615,112.01903057098389
"(2, 7, 11, 56)",61.3310777245,198615,113.59530830383301
"(1, 2, 3, 11, 52)",61.3169801694,198615,110.55857014656067
"(1, 3, 11, 56)",61.3095957358,198615,111.80111336708069
"(2, 3, 4, 7, 56)",61.3089244237,198615,134.25303554534912
"(3, 11, 21)",61.3069104872,198615,107.29257488250732
"(3, 4, 11, 21)",61.3048965508,198615,102.89401602745056
"(7, 11, 21)",61.3022113022,198615,114.1706314086914
"(42,)",61.2988547415,198615,124.43264484405518
"(2, 3, 4, 11, 52)",61.2975121172,198615,103.55189895629883
"(3, 4, 11, 21, 56)",61.2820719378,198615,104.26889109611511
"(3, 11, 21, 56)",61.2780440649,198615,103.80157113075256
"(2, 3, 11, 56)",61.2780440649,198615,103.90480351448059
"(2, 7, 11, 21)",61.274016192,198615,110.22474122047424
"(1, 2, 21, 52)",61.2585760127,198615,110.47869491577148
"(3, 4, 11, 52)",61.2558907641,198615,103.87080001831055
"(1, 2, 7, 11, 21)",61.2525342034,198615,112.99395656585693
"(1, 3, 21, 56)",61.2411218969,198615,105.04136610031128
"(2, 3, 4, 11, 56)",61.2364227118,198615,102.19427967071533
"(1, 4, 7, 56)",61.2330661511,198615,132.7536642551422
"(2, 4, 31)",61.232394839,198615,105.55592322349548
"(1, 3, 11, 21)",61.2290382782,198615,105.64234781265259
"(2, 7, 21, 56)",61.2243390932,198615,111.3079161643982
"(7, 11, 21, 56)",61.2135980988,198615,103.66652035713196
"(2, 3, 11, 21)",61.2062136652,198615,106.67476105690002
"(1, 7, 11, 56)",61.2001718559,198615,113.236412525177
"(1, 2, 11, 52)",61.1746619943,198615,105.25195145606995
"(1, 3, 7, 21)",61.1706341215,198615,120.08323788642883
"(21, 52)",61.1612357514,198615,108.90172600746155
"(1, 2, 7, 11, 56)",61.1565365664,198615,115.28342938423157
"(3, 21, 56)",61.1545226299,198615,107.86697697639465
"(1, 2, 4, 11, 21)",61.1525086935,198615,108.69888353347778
"(3, 4, 21, 56)",61.1491521328,198615,102.89264059066772
"(1, 2, 7, 21, 56)",61.1316980169,198615,114.90249514579773
"(1, 2, 4, 7, 56)",61.1290127684,198615,138.46595692634583
"(1, 2, 42)",61.1249848955,198615,96.04449439048767
"(4, 7, 56)",61.1216283347,198615,134.82294178009033
"(1, 3, 4, 21, 56)",61.1196143983,198615,105.62369656562805
"(1, 2, 3, 21, 56)",61.1068594675,198615,104.30597519874573
"(2, 3, 4, 7, 21)",61.1061881554,198615,114.68685102462769
"(1, 2, 3, 11, 21)",61.0967897853,198615,108.0427029132843
"(1, 2, 3, 11, 56)",61.0867201031,198615,110.88769173622131
"(7, 11, 56)",61.0719512359,198615,115.95059514045715
"(1, 4, 11, 56)",61.0719512359,198615,102.94720339775085
"(2, 3, 4, 11, 21)",61.0712799237,198615,106.77703285217285
"(2, 3, 21, 56)",61.0518118715,198615,102.91894698143005
"(1, 7, 21, 56)",61.049797935,198615,108.41930961608887
"(1, 2, 4, 21, 56)",61.0430848136,198615,109.45259428024292
"(2, 4, 11, 56)",61.0390569407,198615,106.02807188034058
"(2, 4, 11, 21, 56)",61.0363716921,198615,105.60161995887756
"(2, 42)",61.0303298828,198615,78.7549250125885
"(1, 4, 11, 21)",61.0249593856,198615,105.89276766777039
"(3, 7, 21)",61.0169036399,198615,116.32995891571045
"(1, 3, 11, 21, 56)",61.0155610156,198615,101.19277453422546
"(1, 7, 11, 21, 56)",61.0142183913,198615,105.37680745124817
"(4, 11, 21, 56)",61.0034773969,198615,106.04849433898926
"(4, 11, 21)",60.9940790269,198615,105.64342093467712
"(3, 4, 11, 56)",60.9846806568,198615,105.79546976089478
"(4, 21, 56)",60.9578281709,198615,107.14789652824402
"(3, 21, 52)",60.9517863616,198615,103.93114113807678
"(1, 4, 11, 21, 56)",60.9195633786,198615,101.69610500335693
"(1, 42)",60.9014379506,198615,101.9315857887268
"(1, 2, 4, 11, 56)",60.8920395806,198615,104.80818891525269
"(1, 4, 21, 56)",60.8886830198,198615,103.41222548484802
"(4, 11, 56)",60.8819698984,198615,104.48192238807678
"(1, 2, 3, 7, 21)",60.8799559619,198615,114.20190167427063
"(2, 3, 4, 21, 56)",60.8792846498,198615,104.45321440696716
"(1, 3, 4, 7, 21)",60.8792846498,198615,126.25720548629761
"(2, 4, 11, 21)",60.8779420255,198615,108.08047795295715
"(1, 3, 4, 7, 52)",60.8772707133,198615,132.54662895202637
"(2, 3, 7, 21)",60.8752567769,198615,118.76714253425598
"(2, 4, 7, 56)",60.866529719,198615,130.49929404258728
"(1, 3, 21, 52)",60.8638444704,198615,105.50638127326965
"(2, 3, 4, 21, 52)",60.8403485453,198615,105.20852279663086
"(1, 3, 4, 52, 56)",60.8249083659,198615,105.25710701942444
"(1, 3, 4, 21, 52)",60.8235657416,198615,104.66789960861206
"(2, 3, 52, 56)",60.811482123,198615,104.83942484855652
"(3, 4, 21, 52)",60.8081255622,198615,104.80246376991272
"(1, 3, 52, 56)",60.8054403136,198615,100.0980658531189
"(1, 2, 3, 21, 52)",60.8014124408,198615,103.53523564338684
"(3, 52, 56)",60.7926853828,198615,105.51642513275146
"(1, 4, 7, 52)",60.775231267,198615,131.41488909721375
"(3, 4, 52, 56)",60.7691894577,198615,102.80563354492188
"(2, 3, 21, 52)",60.7691894577,198615,104.05335402488708
"(2, 3, 7, 52)",60.7665042091,198615,131.4715039730072
"(3, 4, 7, 52)",60.761133712,198615,132.8458547592163
"(2, 3, 4, 52, 56)",60.7349525382,198615,101.26879644393921
"(3, 4, 7, 21)",60.7349525382,198615,120.31222438812256
"(2, 3, 4, 7, 52)",60.7282394168,198615,134.1179382801056
"(1, 2, 3, 52, 56)",60.7221976074,198615,105.10408163070679
"(1, 3, 7, 52)",60.687960688,198615,136.629625082016
"(2, 4, 21, 56)",60.6872893758,198615,104.81460952758789
"(3, 7, 52)",60.6564090171,198615,130.3262197971344
"(1, 3, 4, 7)",60.642311462,198615,131.52678084373474
"(4, 10)",60.5557121951,198615,113.02573466300964
"(2, 4, 7, 52)",60.55101301,198615,130.4407970905304
"(1, 2, 4, 10)",60.5375867671,198615,118.55232429504395
"(1, 2, 4, 7, 52)",60.5127482177,198615,140.77196311950684
"(1, 3, 11)",60.4939514776,198615,101.51687479019165
"(2, 4, 10)",60.4892522925,198615,115.25411772727966
"(1, 2, 3, 7, 52)",60.473140801,198615,135.6318199634552
"(2, 3, 4, 11)",60.4697842403,198615,122.49444937705994
"(1, 2, 3, 4, 11)",60.450316188,198615,122.94914865493774
"(1, 2, 3, 11)",60.4348760086,198615,121.8143470287323
"(1, 4, 10)",60.4335333844,198615,118.34220504760742
"(3, 4, 11)",60.4301768236,198615,123.46889805793762
"(1, 2, 31)",60.4241350143,198615,102.9765236377716
"(1, 2, 4, 7, 21)",60.4207784536,198615,112.22833561897278
"(4, 7, 52)",60.4194358293,198615,134.01981210708618
"(3, 56)",60.4033243378,198615,115.35060715675354
"(1, 2, 11, 56)",60.4019817135,198615,102.96904039382935
"(2, 3, 7)",60.3932546555,198615,125.314213514328
"(1, 7, 11)",60.3637169211,198615,122.86621332168579
"(3, 11)",60.3482767417,198615,87.57189464569092
"(2, 4, 7)",60.3455914931,198615,133.75979137420654
"(2, 31)",60.3180676951,198615,83.24597358703613
"(1, 3, 4, 11)",60.2892012728,198615,121.9982225894928
"(1, 4, 7, 21)",60.2730897813,198615,124.69643378257751
"(1, 2, 3, 7)",60.267047972,198615,130.73061776161194
"(31,)",60.2610061626,198615,124.57077193260193
"(2, 7, 11)",60.2200561217,198615,113.79668402671814
"(3, 4, 56)",60.1817913293,198615,112.06792521476746
"(1, 2, 3, 56)",60.1777634565,198615,115.34727144241333
"(4, 7, 21)",60.1643372135,198615,116.44119834899902
"(1, 2, 7, 11)",60.1509109706,198615,129.35893058776855
"(3, 4, 7)",60.1334568548,198615,125.75120401382446
"(2, 11, 56)",60.1327855426,198615,103.97846627235413
"(1, 3, 7)",60.125401109,198615,111.80797338485718
"(2, 11, 21)",60.0878076288,198615,106.26694250106812
"(2, 3, 4, 56)",60.0857936924,198615,113.49058318138123
"(2, 4, 7, 21)",60.0663256401,198615,114.3702232837677
"(1, 2, 10)",60.0341026571,198615,107.84476470947266
"(2, 3, 56)",60.0253755991,198615,114.11875462532043
"(3, 7)",60.0233616627,198615,97.10395002365112
"(2, 11, 21, 56)",60.0126206684,198615,101.62140107154846
"(2, 3, 11)",59.997180489,198615,110.82400250434875
"(1, 11, 56)",59.9931526161,198615,106.68747067451477
"(1, 3, 56)",59.979055061,198615,113.25006914138794
"(1, 2, 3, 10)",59.9689853788,198615,115.87460136413574
"(1, 2, 21, 56)",59.9461607658,198615,110.68501162528992
"(1, 11, 21)",59.9407902687,198615,104.44622421264648
"(11, 56)",59.9266927136,198615,104.14862036705017
"(1, 3, 4, 56)",59.9085672856,198615,113.87831139564514
"(1, 21, 56)",59.8998402277,198615,103.49652814865112
"(3, 10)",59.8729877418,198615,95.33357453346252
"(1, 3, 10)",59.8615754353,198615,90.22992587089539
"(2, 21, 56)",59.8447926317,198615,106.9252917766571
"(1, 31)",59.8360655738,198615,107.72867631912231
"(11, 21)",59.8353942616,198615,108.20673418045044
"(2, 3, 4, 10)",59.8313663887,198615,120.40077376365662
"(2, 10)",59.8239819551,198615,94.62009525299072
"(11, 21, 56)",59.8226393308,198615,103.05124974250793
"(1, 2, 11, 21, 56)",59.8145835851,198615,103.49336242675781
"(2, 3, 10)",59.8092130879,198615,118.25529599189758
"(7, 11)",59.8038425907,198615,116.58102464675903
"(1, 2, 3, 4, 56)",59.8038425907,198615,104.77882242202759
"(1, 10)",59.7971294693,198615,90.98061299324036
"(1, 2, 4, 7)",59.7964581571,198615,140.04522562026978
"(1, 11, 21, 56)",59.7937729085,198615,105.91365098953247
"(1, 7, 56)",59.777661417,198615,133.87010884284973
"(2, 7, 56)",59.7615499255,198615,124.20776867866516
"(1, 2, 7, 56)",59.7514802433,198615,136.3909683227539
"(21, 56)",59.745438434,198615,107.4117751121521
"(7, 56)",59.7420818732,198615,127.37391138076782
"(10,)",59.7286556303,198615,160.37288069725037
"(1, 3, 4, 10)",59.6971039594,198615,124.35375189781189
"(1, 2, 3, 4, 7)",59.6944187108,198615,130.33104252815247
"(2, 3, 4, 7)",59.6293014326,198615,127.96553325653076
"(1, 2, 11, 21)",59.5890227038,198615,106.38601589202881
"(3, 4, 10)",59.576267773,198615,122.98018455505371
"(1, 2, 4, 56)",59.5326324835,198615,102.85092806816101
"(1, 4, 56)",59.5044373733,198615,108.00389504432678
"(1, 2, 3, 4, 10)",59.4514037137,198615,124.20723485946655
"(4, 56)",59.356748701,198615,109.23058557510376
"(1, 2, 3, 21)",59.2829043649,198615,122.22275948524475
"(1, 3, 4, 21)",59.2802191163,198615,117.11178517341614
"(2, 7, 52)",59.2600797519,198615,130.1191794872284
"(1, 3, 21)",59.2385977632,198615,98.4129626750946
"(2, 7, 21)",59.1963050979,198615,113.27989864349365
"(1, 2, 3, 4, 21)",59.1835501672,198615,116.84744453430176
"(2, 4, 56)",59.1580403056,198615,96.83853673934937
"(1, 7, 21)",59.1264886347,198615,130.24154472351074
"(2, 3, 4, 21)",59.1224607618,198615,120.72315573692322
"(3, 21)",59.0982935245,198615,102.09983611106873
"(1, 2, 7, 21)",58.981485211,198615,121.47714853286743
"(3, 4, 21)",58.9694015924,198615,118.10011625289917
"(2, 3, 21)",58.9673876559,198615,114.98182463645935
"(7, 52)",58.9673876559,198615,127.37928938865662
"(1, 7, 52)",58.9479196037,198615,135.83074378967285
"(1, 2, 7)",58.8922006955,198615,199.45739340782166
"(4, 7)",58.890186759,198615,128.14018058776855
"(1, 2, 4, 11)",58.7915038735,198615,121.94494032859802
"(1, 4, 11)",58.7834481277,198615,117.973712682724
"(4, 11)",58.7659940119,198615,114.47717642784119
"(1, 2, 7, 52)",58.739141526,198615,140.48405241966248
"(7, 21)",58.7216874102,198615,115.32633328437805
"(1, 2, 3, 52)",58.6599266927,198615,114.14550065994263
"(1,)",58.6243471489,198615,339.01689291000366
"(2,)",58.5954807266,198615,370.57489824295044
"(3, 52)",58.5753413622,198615,113.66925120353699
"(1, 2, 11)",58.5599011829,198615,133.0566840171814
"(2, 3, 52)",58.55587331,198615,109.93549108505249
"(1, 2, 3, 4, 52)",58.5390905063,198615,111.76089000701904
"(1, 4, 7)",58.5236503269,198615,134.3484115600586
"(3, 4, 52)",58.4800150374,198615,115.66472125053406
"(2, 4, 11)",58.4618896094,198615,110.23496294021606
"(1, 3, 52)",58.4383936843,198615,116.70837140083313
"(2, 3, 4, 52)",58.4021428284,198615,117.19504451751709
"(1, 3, 4, 52)",58.3900592097,198615,114.44743514060974
"(1, 2)",58.2873484513,198615,349.4448425769806
"(2, 56)",58.267880399,198615,69.02210068702698
"(3, 4)",58.2672090869,198615,79.3074095249176
"(1, 7)",58.1463729005,198615,230.42151498794556
"(1, 56)",58.1054228595,198615,78.0113172531128
"(7,)",58.0906539923,198615,240.91845893859863
"(1, 2, 3, 4)",58.084612183,198615,126.14550805091858
"(4, 21)",58.0537318242,198615,110.81373691558838
"(2, 7)",57.9302103892,198615,165.8978569507599
"(56,)",57.9187980827,198615,168.711829662323
"(1, 2, 4, 52)",57.910742337,198615,105.8914270401001
"(1, 2, 56)",57.8449537466,198615,80.04932236671448
"(1, 2, 3)",57.8335414401,198615,129.14432430267334
"(1, 2, 4)",57.7993045206,198615,191.0334119796753
"(4, 52)",57.7570118554,198615,106.4407684803009
"(1, 4, 52)",57.7509700461,198615,111.2822937965393
"(2, 4, 21)",57.746270861,198615,106.99907779693604
"(1, 2, 4, 21)",57.7382151153,198615,128.15348505973816
"(2, 4, 52)",57.5072837368,198615,106.16300630569458
"(2, 3)",57.4649910715,198615,99.22201466560364
"(1, 4, 21)",57.4401525221,198615,125.60826706886292
"(3,)",57.3857762382,198615,167.64475512504578
"(1, 3, 4)",57.3656368738,198615,109.93265318870544
"(1, 11)",57.2320457566,198615,109.85581398010254
"(4,)",56.9923873203,198615,241.10397958755493
"(1, 21)",56.9494233429,198615,115.13833475112915
"(1, 52)",56.9460667821,198615,93.69675374031067
"(2, 3, 4)",56.9118298626,198615,131.15531158447266
"(1, 2, 52)",56.8198600985,198615,86.97115468978882
"(1, 2, 21)",56.7507149474,198615,127.97563576698303
"(1, 3)",56.7124501551,198615,122.26745891571045
"(2, 52)",56.6352492582,198615,77.61609959602356
"(2, 11)",56.6090680845,198615,118.66175580024719
"(11,)",56.5345524362,198615,169.84048342704773
"(2, 4)",56.524482754,198615,128.8574252128601
"(52,)",56.1666733798,198615,147.87227392196655
"(2, 21)",56.153918449,198615,87.34630942344666
"(1, 4)",56.1089405352,198615,176.47573471069336
"(21,)",56.0418093205,198615,168.30771827697754
KNeighbors,16
Label Index,34
Iterations/Feature set,3
Number of combinations,1585
Feature Pool,"[1, 2, 3, 4, 7, 10, 11, 21, 31, 42, 52, 56]"
Max Threads,8
Min Combo Length,1
Max Combo Length,6
Time to Run (Sec),21787.34905076027
CSV Input File Name,On_Time_On_Time_Performance_2015_7.csv
